Protein,Accession,Name,GO Terms
8-OH-DPAT,N/A,No result,N/A
ABCB1,P08183,ATP-dependent translocase ABCB1,
ABCB1,Q54BU4,ABC transporter B family member 1,
ABCB1,P43245,ATP-dependent translocase ABCB1,
ABCB1,P21448,ATP-dependent translocase ABCB1,
ABCB1,P06795,ATP-dependent translocase ABCB1,
ABCB1,Q9ZR72,ABC transporter B family member 1,
ABCB1,P21447,ATP-dependent translocase ABCB1,
ABCB1,P28074,Proteasome subunit beta type-5,
ABCB1,Q969Q6,Serine/threonine-protein phosphatase 2A regulatory subunit B'' subunit gamma,
ABCB1,P48307,Tissue factor pathway inhibitor 2,
ABCB1,Q9JK24,Serine/threonine-protein phosphatase 2A regulatory subunit B'' subunit gamma,
ABCB1,Q9JK64,N/A,
ABCB1,Q9NS86,LanC-like protein 2,
ABCB1,Q2M3G0,ATP-binding cassette sub-family B member 5,
ABCB1,Q86VI4,Lysosomal-associated transmembrane protein 4B,
ABCB1,O75469,Nuclear receptor subfamily 1 group I member 2,
ABCB1,O00165,HCLS1-associated protein X-1,
ABCB1,Q9NZI8,Insulin-like growth factor 2 mRNA-binding protein 1,
ABCB1,Q99496,E3 ubiquitin-protein ligase RING2,
ABCB1,Q9R1A7,Nuclear receptor subfamily 1 group I member 2,
ABCB1,Q9LDC0,Peptidyl-prolyl cis-trans isomerase FKBP42,
ABCB1,O54915,Nuclear receptor subfamily 1 group I member 2,
ABCB1,A0A6D2WXE1,N/A,
ABCB1,O35387,HCLS1-associated protein X-1,
ABCB1,Q7TSE9,HCLS1-associated protein X-1,
ADRA1A,P35348,Alpha-1A adrenergic receptor,
ADRA1A,P97718,Alpha-1A adrenergic receptor,
ADRA1A,P97714,Alpha-1D adrenergic receptor,
ADRA1A,P43140,Alpha-1A adrenergic receptor,
ADRA1A,P25100,Alpha-1D adrenergic receptor,
ADRA1A,O02824,Alpha-1A adrenergic receptor,
ADRA1A,P23944,Alpha-1D adrenergic receptor,
ADRA1A,P18130,Alpha-1A adrenergic receptor,
ADRA1A,Q9WU25,Alpha-1A adrenergic receptor,
ADRA1A,O77621,Alpha-1A adrenergic receptor,
ADRA1A,P85092,Toxin AdTx1,
ADRA1A,A0A3Q1MAT2,Alpha-1A adrenergic receptor,
ADRA1A,Q5BKX8,Caveolae-associated protein 4,
ADRA1A,P35368,Alpha-1B adrenergic receptor,
ADRA1A,Q96HD1,Protein disulfide isomerase CRELD1,
ADRA1A,Q91175,Alpha-1A adrenergic receptor,
ADRA1A,B1PRL5,Caveolae-associated protein 4,
ADRA1A,A0A2I2YMC3,Alpha-1A adrenergic receptor,
ADRA1A,Q12802,A-kinase anchor protein 13,
ADRA1A,P97717,Alpha-1B adrenergic receptor,
ADRA1A,A2AMM0,Caveolae-associated protein 4,
ADRA1A,Q9TSW7,Alpha-1A adrenergic receptor,
ADRA1A,P15823,Alpha-1B adrenergic receptor,
ADRA1A,P58811,Rho-conotoxin TIA,
ADRA1A,F1M3G7,A-kinase anchor protein 13,
BDNF,P23560,Neurotrophic factor BDNF precursor form,
BDNF,P23363,Neurotrophic factor BDNF precursor form,
BDNF,P21237,Neurotrophic factor BDNF precursor form,
BDNF,Q6LCI5,Neurotrophic factor BDNF precursor form,
BDNF,P14082,Neurotrophic factor BDNF precursor form,
BDNF,O70183,Neurotrophic factor BDNF precursor form,
BDNF,Q95106,Neurotrophic factor BDNF precursor form,
BDNF,O18753,Neurotrophic factor BDNF precursor form,
BDNF,Q7YRB4,Neurotrophic factor BDNF precursor form,
BDNF,Q3SAT7,Neurotrophic factor BDNF precursor form,
BDNF,Q5IS78,Neurotrophic factor BDNF precursor form,
BDNF,Q1HN31,Neurotrophic factor BDNF precursor form,
BDNF,Q1HN42,Neurotrophic factor BDNF precursor form,
BDNF,Q8QG74,Neurotrophic factor BDNF precursor form,
BDNF,Q4L0Y3,Neurotrophic factor BDNF precursor form,
BDNF,Q1HN34,Neurotrophic factor BDNF precursor form,
BDNF,Q1X708,Neurotrophic factor BDNF precursor form,
BDNF,Q1X711,Neurotrophic factor BDNF precursor form,
BDNF,Q9TST3,Neurotrophic factor BDNF precursor form,
BDNF,Q49M28,Neurotrophic factor BDNF precursor form,
BDNF,Q0EAB7,Neurotrophic factor BDNF precursor form,
BDNF,O18755,Neurotrophic factor BDNF precursor form,
BDNF,Q1HN38,Neurotrophic factor BDNF precursor form,
BDNF,Q1X6Z9,Neurotrophic factor BDNF precursor form,
BDNF,Q1X706,Neurotrophic factor BDNF precursor form,
CHRM1,P11229,Muscarinic acetylcholine receptor M1,
CHRM1,P12657,Muscarinic acetylcholine receptor M1,
CHRM1,P56489,Muscarinic acetylcholine receptor M1,
CHRM1,P04761,Muscarinic acetylcholine receptor M1,
CHRM1,P08482,Muscarinic acetylcholine receptor M1,
CHRM1,Q5R949,Muscarinic acetylcholine receptor M1,
CHRM1,Q9BVK8,BOS complex subunit TMEM147,
CHRM1,P0DP57,Secreted Ly-6/uPAR domain-containing protein 2,
CHRM1,F1N5C5,Muscarinic acetylcholine receptor,
CHRM1,P29067,Beta-arrestin-2,
CHRM1,A0A096NB06,Muscarinic acetylcholine receptor,
CHRM1,F7EL12,Muscarinic acetylcholine receptor,
CHRM1,F7IPY9,Muscarinic acetylcholine receptor,
CHRM1,H0XLS9,Muscarinic acetylcholine receptor,
CHRM1,H2Q3X5,Muscarinic acetylcholine receptor,
CHRM1,I3M4D2,Muscarinic acetylcholine receptor,
CHRM1,M3VUK2,Muscarinic acetylcholine receptor,
CHRM1,M3Z8F0,Muscarinic acetylcholine receptor,
CHRM1,Q8QGR0,Muscarinic toxin 7,
CHRM1,A0A8C6ENZ4,Muscarinic acetylcholine receptor,
CHRM1,Q53XZ3,Muscarinic acetylcholine receptor,
CHRM1,H2ND32,Muscarinic acetylcholine receptor,
CHRM1,D2HS68,Muscarinic acetylcholine receptor,
CHRM1,Q8TEL6,Short transient receptor potential channel 4-associated protein,
CHRM1,G3IHN7,Muscarinic acetylcholine receptor,
CHRM2,P08172,Muscarinic acetylcholine receptor M2,
CHRM2,Q9ERZ4,Muscarinic acetylcholine receptor M2,
CHRM2,P06199,Muscarinic acetylcholine receptor M2,
CHRM2,P10980,Muscarinic acetylcholine receptor M2,
CHRM2,P30372,Muscarinic acetylcholine receptor M2,
CHRM2,P41985,Muscarinic acetylcholine receptor M2,
CHRM2,Q9N2A7,Muscarinic acetylcholine receptor M2,
CHRM2,P17870,Beta-arrestin-1,
CHRM2,P63244,Small ribosomal subunit protein RACK1,
CHRM2,P32120,Beta-arrestin-2,
CHRM2,P29067,Beta-arrestin-2,
CHRM2,P63246,Small ribosomal subunit protein RACK1,
CHRM2,A0A287BAI1,Muscarinic acetylcholine receptor,
CHRM2,A0A5F7ZKY2,Muscarinic acetylcholine receptor,
CHRM2,Q801M4,Muscarinic acetylcholine receptor,
CHRM2,F7FZL1,Muscarinic acetylcholine receptor,
CHRM2,B3DKN8,Muscarinic acetylcholine receptor,
CHRM2,H2RAP9,Muscarinic acetylcholine receptor,
CHRM2,M3WSG4,Muscarinic acetylcholine receptor,
CHRM2,O43665,Regulator of G-protein signaling 10,
CHRM2,Q8VH27,Muscarinic acetylcholine receptor,
CHRM2,P57771,Regulator of G-protein signaling 8,
CHRM2,A0A0P6J7N4,Muscarinic acetylcholine receptor,
CHRM2,A0A8C5ZG50,Muscarinic acetylcholine receptor,
CHRM2,Q8QGR0,Muscarinic toxin 7,
CHRM3,P20309,Muscarinic acetylcholine receptor M3,
CHRM3,Q9ERZ3,Muscarinic acetylcholine receptor M3,
CHRM3,P11483,Muscarinic acetylcholine receptor M3,
CHRM3,P08483,Muscarinic acetylcholine receptor M3,
CHRM3,P41984,Muscarinic acetylcholine receptor M3,
CHRM3,Q9N2A3,Muscarinic acetylcholine receptor M3,
CHRM3,Q9N2A2,Muscarinic acetylcholine receptor M3,
CHRM3,P49578,Muscarinic acetylcholine receptor M3,
CHRM3,Q9N2A4,Muscarinic acetylcholine receptor M3,
CHRM3,Q542R4,Muscarinic acetylcholine receptor,
CHRM3,P0DP57,Secreted Ly-6/uPAR domain-containing protein 2,
CHRM3,Q8BXR5,Sodium leak channel NALCN,
CHRM3,P29066,Beta-arrestin-1,
CHRM3,G5C5V3,Muscarinic acetylcholine receptor,
CHRM3,G1KC26,Muscarinic acetylcholine receptor,
CHRM3,H0W1Z3,Muscarinic acetylcholine receptor,
CHRM3,A0A1U8BVL9,Muscarinic acetylcholine receptor,
CHRM3,F7EAQ8,Muscarinic acetylcholine receptor,
CHRM3,I3NBR3,Muscarinic acetylcholine receptor,
CHRM3,M3X7A6,Muscarinic acetylcholine receptor,
CHRM3,A0A1S3EK26,Muscarinic acetylcholine receptor,
CHRM3,A0A8C5ZIG1,Muscarinic acetylcholine receptor,
CHRM3,Q9BVK8,BOS complex subunit TMEM147,
CHRM3,Q8IZF0,Sodium leak channel NALCN,
CHRM3,P08912,Muscarinic acetylcholine receptor M5,
CHRM4,P08173,Muscarinic acetylcholine receptor M4,
CHRM4,P08485,Muscarinic acetylcholine receptor M4,
CHRM4,P32211,Muscarinic acetylcholine receptor M4,
CHRM4,P17200,Muscarinic acetylcholine receptor M4,
CHRM4,P29066,Beta-arrestin-1,
CHRM4,P30544,Muscarinic acetylcholine receptor M4,
CHRM4,A0A8C6EU13,Muscarinic acetylcholine receptor,
CHRM4,A0A8B9HE68,Muscarinic acetylcholine receptor,
CHRM4,A0A7K9BDQ9,Muscarinic acetylcholine receptor,
CHRM4,A0A1S3G9D9,Muscarinic acetylcholine receptor,
CHRM4,A0A2K6S6M7,Muscarinic acetylcholine receptor,
CHRM4,A0A340XA05,Muscarinic acetylcholine receptor,
CHRM4,A0A3Q1IDF7,Muscarinic acetylcholine receptor,
CHRM4,A0A3Q7SVP1,Muscarinic acetylcholine receptor,
CHRM4,A0A4X2KUT6,Muscarinic acetylcholine receptor,
CHRM4,A0A674GYY4,Muscarinic acetylcholine receptor,
CHRM4,A0A6J1U8V3,Muscarinic acetylcholine receptor,
CHRM4,A0A6J2AGN4,Muscarinic acetylcholine receptor,
CHRM4,A0A6P3EWE4,Muscarinic acetylcholine receptor,
CHRM4,A0A6P3Q133,Muscarinic acetylcholine receptor,
CHRM4,A0A6P5D2J2,Muscarinic acetylcholine receptor,
CHRM4,A0A6P7RRE8,Muscarinic acetylcholine receptor,
CHRM4,A0A8B7JVJ0,Muscarinic acetylcholine receptor,
CHRM4,A0A8B7V951,Muscarinic acetylcholine receptor,
CHRM4,A0A8C0U2H2,Muscarinic acetylcholine receptor,
CHRM5,P08912,Muscarinic acetylcholine receptor M5,
CHRM5,P08911,Muscarinic acetylcholine receptor M5,
CHRM5,Q920H4,Muscarinic acetylcholine receptor M5,
CHRM5,P56490,Muscarinic acetylcholine receptor M5,
CHRM5,Q5IS53,Muscarinic acetylcholine receptor M5,
CHRM5,Q5IS98,Muscarinic acetylcholine receptor M5,
CHRM5,A0A8C6AAE4,Muscarinic acetylcholine receptor,
CHRM5,P20309,Muscarinic acetylcholine receptor M3,
CHRM5,F1MCK3,Muscarinic acetylcholine receptor,
CHRM5,F1P0I0,Muscarinic acetylcholine receptor,
CHRM5,G1KXM3,Muscarinic acetylcholine receptor,
CHRM5,G1SBZ0,Muscarinic acetylcholine receptor,
CHRM5,H0WIS8,Muscarinic acetylcholine receptor,
CHRM5,A0A2K5UF81,Muscarinic acetylcholine receptor,
CHRM5,A0A2K6B2L7,Muscarinic acetylcholine receptor,
CHRM5,A0A2Y9FP07,Muscarinic acetylcholine receptor,
CHRM5,G3RNL2,Muscarinic acetylcholine receptor,
CHRM5,H0V071,Muscarinic acetylcholine receptor,
CHRM5,A0A0D9SEG1,Muscarinic acetylcholine receptor,
CHRM5,A0A2K5L217,Muscarinic acetylcholine receptor,
CHRM5,A0A2K6KJQ1,Muscarinic acetylcholine receptor,
CHRM5,A0A2R8ZEP5,Muscarinic acetylcholine receptor,
CHRM5,A0A2U4BBT4,Muscarinic acetylcholine receptor,
CHRM5,A0A2Y9PHR5,Muscarinic acetylcholine receptor,
CHRM5,A0A384D181,Muscarinic acetylcholine receptor,
CYP1A1,P11511,Aromatase,
CYP1A1,P22443,Aromatase,
CYP1A1,P46194,Aromatase,
CYP1A1,P28649,Aromatase,
CYP1A1,Q69FB6,Aromatase,
CYP1A1,Q6YI21,Aromatase,
CYP1A1,Q9XS28,Aromatase,
CYP1A1,O46512,Aromatase,
CYP1A1,P04798,Cytochrome P450 1A1,
CYP1A1,P05093,"Steroid 17-alpha-hydroxylase/17,20 lyase",
CYP1A1,Q92112,Aromatase,
CYP1A1,Q92109,Cytochrome P450 1A3,
CYP1A1,Q92110,Cytochrome P450 1A1,
CYP1A1,Q0VHD5,Cytochrome P450 1A,
CYP1A1,A4F4K4,Cytochrome P450 1A,
CYP1A1,P05185,"Steroid 17-alpha-hydroxylase/17,20 lyase",
CYP1A1,A4F3V8,Cytochrome P450 1A,
CYP1A1,Q5J9B1,Cytochrome P450 1A,
CYP1A1,P11715,"Steroid 17-alpha-hydroxylase/17,20 lyase",
CYP1A1,P27786,"Steroid 17-alpha-hydroxylase/17,20 lyase",
CYP1A1,P00184,Cytochrome P450 1A1,
CYP1A1,A4F4K3,Cytochrome P450 1A,
CYP1A1,E7EMT5,Cytochrome P450 1A,
CYP1A1,P19100,"Steroid 17-alpha-hydroxylase/17,20 lyase",
CYP1A1,P30437,"Steroid 17-alpha-hydroxylase/17,20 lyase",
CYP1A2,Q92110,Cytochrome P450 1A1,
CYP1A2,P05177,Cytochrome P450 1A2,
CYP1A2,O77809,Cytochrome P450 1A2,
CYP1A2,O77810,Cytochrome P450 1A2,
CYP1A2,Q5R2U2,Cytochrome P450 1A,
CYP1A2,Q5R2U1,Cytochrome P450 1A,
CYP1A2,Q4H4C3,Cytochrome P450 1A2,
CYP1A2,Q5KQT6,Cytochrome P450 1A2,
CYP1A2,Q5RBQ1,Cytochrome P450 1A2,
CYP1A2,Q3LFT9,Cytochrome P450 1A2,
CYP1A2,Q64391,Cytochrome P450 1A2,
CYP1A2,B6VGH4,Cytochrome P450 1A,
CYP1A2,A0A8I6AD25,Cytochrome P450 1A,
CYP1A2,F1MHN9,Cytochrome P450 1A,
CYP1A2,A6H748,Cytochrome P450 1A,
CYP1A2,A0A0C3SFZ1,Cytochrome P450 1A,
CYP1A2,A0A2R8ZXU3,Cytochrome P450 1A,
CYP1A2,A0A4W2HID1,Cytochrome P450 1A,
CYP1A2,A0A8C0MVZ9,Cytochrome P450 1A,
CYP1A2,A0A8C0N095,Cytochrome P450 1A,
CYP1A2,A0A8C0N8P1,Cytochrome P450 1A,
CYP1A2,A0A8C6E2U0,Cytochrome P450 1A,
CYP1A2,B6EY13,Cytochrome P450 1A,
CYP1A2,B6EY14,Cytochrome P450 1A,
CYP1A2,B6EY40,Cytochrome P450 1A,
CYP2C19,P33261,Cytochrome P450 2C19,
CYP2C19,A0A2K5MH26,Cytochrome P450,
CYP2C19,A8E652,N/A,
CYP2C19,P51589,Cytochrome P450 2J2,
CYP2C19,P11712,Cytochrome P450 2C9,
CYP2C19,G3QCV6,N/A,
CYP2C19,A0A2I3RMB5,N/A,
CYP2C19,A0A2R9B7Q9,N/A,
CYP2C19,A0A5F4WG76,N/A,
CYP2C19,G1RRD4,N/A,
CYP2C19,A0A2K5Q1D9,N/A,
CYP2C19,F6Q4H7,N/A,
CYP2C19,F7I7R6,N/A,
CYP2C19,A0A171P0Y8,N/A,
CYP2C19,F1CGV0,N/A,
CYP2C19,A0A7K6K8F3,unspecific monooxygenase,
CYP2C19,A0A7L2RMQ8,unspecific monooxygenase,
CYP2C19,A0A7L0EBS3,unspecific monooxygenase,
CYP2C19,A0A8J0QIX2,N/A,
CYP2C19,A0A8J0SPW7,N/A,
CYP2C19,A0A087X125,N/A,
CYP2C19,F6RN64,N/A,
CYP2C19,H2NB33,N/A,
CYP2C19,A0A2K6SGU0,N/A,
CYP2C19,A0A2K5CBE2,N/A,
CYP2C9,P11712,Cytochrome P450 2C9,
CYP2C9,A0A2K6D4Z7,Cytochrome P450,
CYP2C9,Q0HA18,Cytochrome P450,
CYP2C9,P33260,Cytochrome P450 2C18,
CYP2C9,A0A6D2VXG6,N/A,
CYP2C9,H2NB32,N/A,
CYP2C9,P33261,Cytochrome P450 2C19,
CYP2C9,A0A2H4QWS7,unspecific monooxygenase,
CYP2C9,A0A2H4QWR6,unspecific monooxygenase,
CYP2C9,A0A2D1BLU4,unspecific monooxygenase,
CYP2C9,A0A2H4QWU8,unspecific monooxygenase,
CYP2C9,A0A2K6KQK3,N/A,
CYP2C9,H2Q2B1,N/A,
CYP2C9,G3RHD9,N/A,
CYP2C9,A0A0D9R1I3,N/A,
CYP2C9,A0A1A8N3F1,N/A,
CYP2C9,A0A1A8RWM8,N/A,
CYP2C9,A0A8C5VIG1,unspecific monooxygenase,
CYP2C9,A0A2R8YF67,N/A,
CYP2C9,S5RV29,N/A,
CYP2C9,S5R8G8,N/A,
CYP2C9,S5RV20,N/A,
CYP2C9,S5R8H1,N/A,
CYP2C9,S5RG22,N/A,
CYP2C9,S5RXA4,N/A,
CYP2D6,P10635,Cytochrome P450 2D6,
CYP2D6,Q2XNC8,Cytochrome P450 2D6,
CYP2D6,Q2XNC9,Cytochrome P450 2D6,
CYP2D6,G1S165,Cytochrome P450,
CYP2D6,H0WQM3,Cytochrome P450,
CYP2D6,A0A2K5EF21,Cytochrome P450,
CYP2D6,A0A8C8XNH2,Cytochrome P450,
CYP2D6,G1LSB1,Cytochrome P450,
CYP2D6,H2R1S5,Cytochrome P450,
CYP2D6,A0A452V4E1,Cytochrome P450,
CYP2D6,F1SRG4,Cytochrome P450,
CYP2D6,A0A452R2J9,Cytochrome P450,
CYP2D6,A0A4W2F8G2,Cytochrome P450,
CYP2D6,A0A5F5XBS9,Cytochrome P450,
CYP2D6,F7BJZ9,Cytochrome P450,
CYP2D6,M3YY17,Cytochrome P450,
CYP2D6,H2P4L9,Cytochrome P450,
CYP2D6,A0A087X1C5,Putative cytochrome P450 2D7,
CYP2D6,Q6DCR5,N/A,
CYP2D6,A0A096NKE0,Cytochrome P450,
CYP2D6,A0A2K5JND8,Cytochrome P450,
CYP2D6,A0A2K5KM77,Cytochrome P450,
CYP2D6,A0A2K5ZVV0,Cytochrome P450,
CYP2D6,A0A0D9R053,Cytochrome P450,
CYP2D6,A0A5F8H4Q6,Cytochrome P450,
CYP3A4,P08684,Cytochrome P450 3A4,
CYP3A4,O00264,Membrane-associated progesterone receptor component 1,
CYP3A4,A0A2I3M4Z1,Cytochrome P450 3A,
CYP3A4,A0A2I3SYU7,Cytochrome P450 3A,
CYP3A4,A0A2K5YL09,Cytochrome P450 3A,
CYP3A4,A0A8I5UFF4,Cytochrome P450 3A,
CYP3A4,G3SB46,Cytochrome P450 3A,
CYP3A4,A0A2K5VAA5,Cytochrome P450 3A,
CYP3A4,A0A2I3GFF3,Cytochrome P450 3A,
CYP3A4,A0A2K6P9D2,Cytochrome P450 3A,
CYP3A4,A0A2R9BTU3,Cytochrome P450 3A,
CYP3A4,Q9HB55,Cytochrome P450 3A43,
CYP3A4,Q5EBE6,Cytochrome P450 3A,
CYP3A4,B1NL93,Cytochrome P450 3A,
CYP3A4,P62253,Ubiquitin-conjugating enzyme E2 G1,
CYP3A4,Q86SK3,Cytochrome P450 3A,
CYP3A4,P55318,Hepatocyte nuclear factor 3-gamma,
CYP3A4,Q6ZQX7,Protein LIAT1,
CYP3A4,A0A2K5IL03,Cytochrome P450 3A,
CYP3A4,A0A2K5ILA7,Cytochrome P450 3A,
CYP3A4,A0A2K6BVE9,Cytochrome P450 3A,
CYP3A4,A0A805RHD6,Cytochrome P450 3A,
CYP3A4,Q14994,Nuclear receptor subfamily 1 group I member 3,
CYP3A4,O75469,Nuclear receptor subfamily 1 group I member 2,
CYP3A4,O15287,Fanconi anemia group G protein,
CYP3A5,P20815,Cytochrome P450 3A5,
CYP3A5,Q9HB55,Cytochrome P450 3A43,
CYP3A5,Q3T047,Cytochrome P450 3A,
CYP3A5,A0A2I3HFI9,Cytochrome P450 3A,
CYP3A5,A0A2K6ACA9,Cytochrome P450 3A,
CYP3A5,A0A2K6LWH3,Cytochrome P450 3A,
CYP3A5,A0A2K6U954,Cytochrome P450 3A,
CYP3A5,A0A2K6U974,Cytochrome P450 3A,
CYP3A5,B1NL91,Cytochrome P450 3A,
CYP3A5,U3E5W7,Cytochrome P450 3A,
CYP3A5,U3ECK3,Cytochrome P450 3A,
CYP3A5,A0A0D9RYZ3,Cytochrome P450 3A,
CYP3A5,A0A2K5E6Y2,Cytochrome P450 3A,
CYP3A5,A0A2K5E702,Cytochrome P450 3A,
CYP3A5,A0A2K5E758,Cytochrome P450 3A,
CYP3A5,A0A2K6LWH8,Cytochrome P450 3A,
CYP3A5,A0A2K6PIX0,Cytochrome P450 3A,
CYP3A5,B1NL97,Cytochrome P450 3A,
CYP3A5,U3D3W9,Cytochrome P450 3A,
CYP3A5,U3DMM9,Cytochrome P450 3A,
CYP3A5,A0A096NS00,Cytochrome P450 3A,
CYP3A5,A0A2K6BCG0,Cytochrome P450 3A,
CYP3A5,A0A2K6BCK8,Cytochrome P450 3A,
CYP3A5,B1NL96,Cytochrome P450 3A,
CYP3A5,H2QV08,Cytochrome P450 3A,
HRH1,P35367,Histamine H1 receptor,
HRH1,P30546,Histamine H1 receptor,
HRH1,P31390,Histamine H1 receptor,
HRH1,P70174,Histamine H1 receptor,
HRH1,P31389,Histamine H1 receptor,
HRH1,Q9N2B1,Histamine H1 receptor,
HRH1,Q9N2B2,Histamine H1 receptor,
HRH1,Q9N2B0,Histamine H1 receptor,
HRH1,P17124,Histamine H2 receptor,
HRH1,Q14562,ATP-dependent RNA helicase DHX8,
HRH1,P59768,Guanine nucleotide-binding protein G(I)/G(S)/G(O) subunit gamma-2,
HRH1,P62873,Guanine nucleotide-binding protein G(I)/G(S)/G(T) subunit beta-1,
HRH1,A0A8C5Z7T8,Histamine H1 receptor,
HRH1,A0A7K9B7R8,Histamine H1 receptor,
HRH1,A5D795,Histamine H1 receptor,
HRH1,A0A096M0H4,Histamine H1 receptor,
HRH1,A0A286ZR00,Histamine H1 receptor,
HRH1,A0A2K5KHA6,Histamine H1 receptor,
HRH1,A0A2K6JWI9,Histamine H1 receptor,
HRH1,A0A2K6S722,Histamine H1 receptor,
HRH1,A0A2R8ZS93,Histamine H1 receptor,
HRH1,A0A341B180,Histamine H1 receptor,
HRH1,A0A452EC28,Histamine H1 receptor,
HRH1,A0A452S5S2,Histamine H1 receptor,
HRH1,A0A667FTH7,Histamine H1 receptor,
HTR1A,Q6GMI0,Serine protease HTRA1A,
HTR1A,P08908,5-hydroxytryptamine receptor 1A,
HTR1A,Q0EAB6,5-hydroxytryptamine receptor 1A,
HTR1A,P19327,5-hydroxytryptamine receptor 1A,
HTR1A,Q64264,5-hydroxytryptamine receptor 1A,
HTR1A,Q9N298,5-hydroxytryptamine receptor 1A,
HTR1A,Q6XXX9,5-hydroxytryptamine receptor 1A,
HTR1A,Q9N297,5-hydroxytryptamine receptor 1A,
HTR1A,Q98998,5-hydroxytryptamine receptor 1A,
HTR1A,P47211,Galanin receptor type 1,
HTR1A,O43194,G-protein coupled receptor 39,
HTR1A,Q6XXY0,5-hydroxytryptamine receptor 1A,
HTR1A,Q9N296,5-hydroxytryptamine receptor 1A,
HTR1A,Q6PEC3,Protein YIF1B,
HTR1A,Q8NDA8,Maestro heat-like repeat-containing protein family member 1,
HTR1A,Q6P1N0,Coiled-coil and C2 domain-containing protein 1A,
HTR1A,O42384,5-hydroxytryptamine receptor 1A-beta,
HTR1A,Q8K1A6,Coiled-coil and C2 domain-containing protein 1A,
HTR1A,Q5BJH7,Protein YIF1B,
HTR1A,D2K8P9,N/A,
HTR1A,Q66HA5,Coiled-coil and C2 domain-containing protein 1A,
HTR1A,Q5T0F9,Coiled-coil and C2 domain-containing protein 1B,
HTR1A,Q5U431,G-protein coupled receptor 39,
HTR1A,Q9CX30,Protein YIF1B,
HTR1A,F6Q2H9,5-hydroxytryptamine receptor 1A,
HTR1B,A9JRB3,Serine protease HTRA1B,
HTR1B,P28222,5-hydroxytryptamine receptor 1B,
HTR1B,Q6XXX8,5-hydroxytryptamine receptor 1B,
HTR1B,P79250,5-hydroxytryptamine receptor 1B,
HTR1B,Q588Y6,5-hydroxytryptamine receptor 1B,
HTR1B,Q0EAB5,5-hydroxytryptamine receptor 1B,
HTR1B,P28334,5-hydroxytryptamine receptor 1B,
HTR1B,P28564,5-hydroxytryptamine receptor 1B,
HTR1B,O08892,5-hydroxytryptamine receptor 1B,
HTR1B,P60020,5-hydroxytryptamine receptor 1B,
HTR1B,P35404,5-hydroxytryptamine receptor 1B,
HTR1B,P46636,5-hydroxytryptamine receptor 1B,
HTR1B,P56496,5-hydroxytryptamine receptor 1B,
HTR1B,Q9N2B7,5-hydroxytryptamine receptor 1B,
HTR1B,P79399,5-hydroxytryptamine receptor 1B,
HTR1B,P49144,5-hydroxytryptamine receptor 1B,
HTR1B,X5D7I5,5-hydroxytryptamine receptor 1B,
HTR1B,Q0VES5,5-hydroxytryptamine receptor 1B,
HTR1B,P28221,5-hydroxytryptamine receptor 1D,
HTR1B,G5C8T6,5-hydroxytryptamine receptor 1B,
HTR1B,Q60F97,5-hydroxytryptamine receptor 2C,
HTR1B,P35609,Alpha-actinin-2,
HTR1B,G1KD63,5-hydroxytryptamine receptor 1B,
HTR1B,H0ZQU1,5-hydroxytryptamine receptor 1B,
HTR1B,U3I1G8,5-hydroxytryptamine receptor 1B,
HTR2A,P28223,5-hydroxytryptamine receptor 2A,
HTR2A,O46635,5-hydroxytryptamine receptor 2A,
HTR2A,Q75Z89,5-hydroxytryptamine receptor 2A,
HTR2A,P35363,5-hydroxytryptamine receptor 2A,
HTR2A,P14842,5-hydroxytryptamine receptor 2A,
HTR2A,P50128,5-hydroxytryptamine receptor 2A,
HTR2A,P35382,5-hydroxytryptamine receptor 2A,
HTR2A,P18599,5-hydroxytryptamine receptor 2A,
HTR2A,P50129,5-hydroxytryptamine receptor 2A,
HTR2A,Q14416,Metabotropic glutamate receptor 2,
HTR2A,P14416,D(2) dopamine receptor,
HTR2A,P59768,Guanine nucleotide-binding protein G(I)/G(S)/G(O) subunit gamma-2,
HTR2A,P62873,Guanine nucleotide-binding protein G(I)/G(S)/G(T) subunit beta-1,
HTR2A,Q14BI2,Metabotropic glutamate receptor 2,
HTR2A,Q62108,Disks large homolog 4,
HTR2A,Q811D0,Disks large homolog 1,
HTR2A,O08709,Peroxiredoxin-6,
HTR2A,Q63ZW7,InaD-like protein,
HTR2A,Q9WVQ1,"Membrane-associated guanylate kinase, WW and PDZ domain-containing protein 2",
HTR2A,Q5R4Q6,5-hydroxytryptamine receptor 2A,
HTR2A,Q543D4,5-hydroxytryptamine receptor 2A,
HTR2A,A0A452DIJ2,5-hydroxytryptamine receptor 2A,
HTR2A,P31421,Metabotropic glutamate receptor 2,
HTR2A,G5C1F1,5-hydroxytryptamine receptor 2A,
HTR2A,O88910,MAGUK p55 subfamily member 3,
HTR2B,P41595,5-hydroxytryptamine receptor 2B,
HTR2B,Q8UUG8,5-hydroxytryptamine receptor 2B,
HTR2B,F1NU82,5-hydroxytryptamine receptor 2B,
HTR2B,Q02152,5-hydroxytryptamine receptor 2B,
HTR2B,P30994,5-hydroxytryptamine receptor 2B,
HTR2B,O75970,Multiple PDZ domain protein,
HTR2B,P59768,Guanine nucleotide-binding protein G(I)/G(S)/G(O) subunit gamma-2,
HTR2B,P62873,Guanine nucleotide-binding protein G(I)/G(S)/G(T) subunit beta-1,
HTR2B,P97267,5-hydroxytryptamine receptor 2B,
HTR2B,G3V8A0,5-hydroxytryptamine receptor 2B,
HTR2B,F6QI78,5-hydroxytryptamine receptor 2B,
HTR2B,A0A2K6GVL2,5-hydroxytryptamine receptor 2B,
HTR2B,A0A8D0GME8,5-hydroxytryptamine receptor 2B,
HTR2B,H0XM94,5-hydroxytryptamine receptor 2B,
HTR2B,U3JYN1,5-hydroxytryptamine receptor 2B,
HTR2B,A0A1S3ERH8,5-hydroxytryptamine receptor 2B,
HTR2B,A0A1U7THN8,5-hydroxytryptamine receptor 2B,
HTR2B,A0A2K6B741,5-hydroxytryptamine receptor 2B,
HTR2B,A0A2K6QRB5,5-hydroxytryptamine receptor 2B,
HTR2B,A0A8I3PC67,5-hydroxytryptamine receptor 2B,
HTR2B,A3RL34,5-hydroxytryptamine receptor 2B,
HTR2B,F6U6Y0,5-hydroxytryptamine receptor 2B,
HTR2B,F6V714,5-hydroxytryptamine receptor 2B,
HTR2B,G1N7R3,5-hydroxytryptamine receptor 2B,
HTR2B,A0A2K5C814,5-hydroxytryptamine receptor 2B,
HTR2C,P28335,5-hydroxytryptamine receptor 2C,
HTR2C,P34968,5-hydroxytryptamine receptor 2C,
HTR2C,Q60F97,5-hydroxytryptamine receptor 2C,
HTR2C,P08909,5-hydroxytryptamine receptor 2C,
HTR2C,Q5IS66,5-hydroxytryptamine receptor 2C,
HTR2C,O75970,Multiple PDZ domain protein,
HTR2C,P32121,Beta-arrestin-2,
HTR2C,O55164,Multiple PDZ domain protein,
HTR2C,A0A2I2UEL5,5-hydroxytryptamine receptor 2C,
HTR2C,A0A2I2YCE0,5-hydroxytryptamine receptor 2C,
HTR2C,A0A2I3GU28,5-hydroxytryptamine receptor 2C,
HTR2C,F1N989,5-hydroxytryptamine receptor 2C,
HTR2C,F7A578,5-hydroxytryptamine receptor 2C,
HTR2C,O88910,MAGUK p55 subfamily member 3,
HTR2C,Q13368,MAGUK p55 subfamily member 3,
HTR2C,F7BES5,N/A,
HTR2C,A0A7N4P5U7,N/A,
HTR2C,G1NSW6,N/A,
HTR2C,P28223,5-hydroxytryptamine receptor 2A,
HTR2C,P49286,Melatonin receptor type 1B,
HTR2C,O95406,Protein cornichon homolog 1,
HTR2C,Q8VBX6,Multiple PDZ domain protein,
HTR2C,P54849,Epithelial membrane protein 1,
HTR2C,Q9NUM3,Zinc transporter ZIP9,
HTR2C,P55061,Bax inhibitor 1,
Htr1a,Q6GMI0,Serine protease HTRA1A,
Htr1a,P08908,5-hydroxytryptamine receptor 1A,
Htr1a,Q0EAB6,5-hydroxytryptamine receptor 1A,
Htr1a,P19327,5-hydroxytryptamine receptor 1A,
Htr1a,Q64264,5-hydroxytryptamine receptor 1A,
Htr1a,Q9N298,5-hydroxytryptamine receptor 1A,
Htr1a,Q6XXX9,5-hydroxytryptamine receptor 1A,
Htr1a,Q9N297,5-hydroxytryptamine receptor 1A,
Htr1a,Q98998,5-hydroxytryptamine receptor 1A,
Htr1a,P47211,Galanin receptor type 1,
Htr1a,O43194,G-protein coupled receptor 39,
Htr1a,Q6XXY0,5-hydroxytryptamine receptor 1A,
Htr1a,Q9N296,5-hydroxytryptamine receptor 1A,
Htr1a,Q6PEC3,Protein YIF1B,
Htr1a,Q8NDA8,Maestro heat-like repeat-containing protein family member 1,
Htr1a,Q6P1N0,Coiled-coil and C2 domain-containing protein 1A,
Htr1a,O42384,5-hydroxytryptamine receptor 1A-beta,
Htr1a,Q8K1A6,Coiled-coil and C2 domain-containing protein 1A,
Htr1a,Q5BJH7,Protein YIF1B,
Htr1a,D2K8P9,N/A,
Htr1a,Q66HA5,Coiled-coil and C2 domain-containing protein 1A,
Htr1a,Q5T0F9,Coiled-coil and C2 domain-containing protein 1B,
Htr1a,Q5U431,G-protein coupled receptor 39,
Htr1a,Q9CX30,Protein YIF1B,
Htr1a,F6Q2H9,5-hydroxytryptamine receptor 1A,
Htr1b,A9JRB3,Serine protease HTRA1B,
Htr1b,P28222,5-hydroxytryptamine receptor 1B,
Htr1b,Q6XXX8,5-hydroxytryptamine receptor 1B,
Htr1b,P79250,5-hydroxytryptamine receptor 1B,
Htr1b,Q588Y6,5-hydroxytryptamine receptor 1B,
Htr1b,Q0EAB5,5-hydroxytryptamine receptor 1B,
Htr1b,P28334,5-hydroxytryptamine receptor 1B,
Htr1b,P28564,5-hydroxytryptamine receptor 1B,
Htr1b,O08892,5-hydroxytryptamine receptor 1B,
Htr1b,P60020,5-hydroxytryptamine receptor 1B,
Htr1b,P35404,5-hydroxytryptamine receptor 1B,
Htr1b,P46636,5-hydroxytryptamine receptor 1B,
Htr1b,P56496,5-hydroxytryptamine receptor 1B,
Htr1b,Q9N2B7,5-hydroxytryptamine receptor 1B,
Htr1b,P79399,5-hydroxytryptamine receptor 1B,
Htr1b,P49144,5-hydroxytryptamine receptor 1B,
Htr1b,X5D7I5,5-hydroxytryptamine receptor 1B,
Htr1b,Q0VES5,5-hydroxytryptamine receptor 1B,
Htr1b,P28221,5-hydroxytryptamine receptor 1D,
Htr1b,G5C8T6,5-hydroxytryptamine receptor 1B,
Htr1b,Q60F97,5-hydroxytryptamine receptor 2C,
Htr1b,P35609,Alpha-actinin-2,
Htr1b,G1KD63,5-hydroxytryptamine receptor 1B,
Htr1b,H0ZQU1,5-hydroxytryptamine receptor 1B,
Htr1b,U3I1G8,5-hydroxytryptamine receptor 1B,
Htr1d,P28221,5-hydroxytryptamine receptor 1D,
Htr1d,P28565,5-hydroxytryptamine receptor 1D,
Htr1d,Q61224,5-hydroxytryptamine receptor 1D,
Htr1d,P63096,Guanine nucleotide-binding protein G(i) subunit alpha-1,
Htr1d,P59768,Guanine nucleotide-binding protein G(I)/G(S)/G(O) subunit gamma-2,
Htr1d,P62873,Guanine nucleotide-binding protein G(I)/G(S)/G(T) subunit beta-1,
Htr1d,P79400,5-hydroxytryptamine receptor 1D,
Htr1d,P11614,5-hydroxytryptamine receptor 1D,
Htr1d,P79748,5-hydroxytryptamine receptor 1D,
Htr1d,P49145,5-hydroxytryptamine receptor 1D,
Htr1d,Q60484,5-hydroxytryptamine receptor 1D,
Htr1d,P28222,5-hydroxytryptamine receptor 1B,
Htr1d,A0A0P6JHU9,5-hydroxytryptamine receptor 1D,
Htr1d,P28564,5-hydroxytryptamine receptor 1B,
Htr1d,P28334,5-hydroxytryptamine receptor 1B,
Htr1d,P35404,5-hydroxytryptamine receptor 1B,
Htr1d,P56496,5-hydroxytryptamine receptor 1B,
Htr1d,Q0EAB5,5-hydroxytryptamine receptor 1B,
Htr1d,P46636,5-hydroxytryptamine receptor 1B,
Htr1d,Q588Y6,5-hydroxytryptamine receptor 1B,
Htr1d,P60020,5-hydroxytryptamine receptor 1B,
Htr1d,P79250,5-hydroxytryptamine receptor 1B,
Htr1d,O08892,5-hydroxytryptamine receptor 1B,
Htr1d,Q6XXX8,5-hydroxytryptamine receptor 1B,
Htr1d,F1MMU1,5-hydroxytryptamine receptor 1D,
Htr1f,P30939,5-hydroxytryptamine receptor 1F,
Htr1f,Q02284,5-hydroxytryptamine receptor 1F,
Htr1f,P30940,5-hydroxytryptamine receptor 1F,
Htr1f,O08890,5-hydroxytryptamine receptor 1F,
Htr1f,Q9N2D9,5-hydroxytryptamine receptor 1F,
Htr1f,E1C3Z3,5-hydroxytryptamine receptor 1F,
Htr1f,I3L7F4,5-hydroxytryptamine receptor 1F,
Htr1f,M3XE97,5-hydroxytryptamine receptor 1F,
Htr1f,H2QMY5,5-hydroxytryptamine receptor 1F,
Htr1f,F7EPA8,5-hydroxytryptamine receptor 1F,
Htr1f,Q9P2Q4,5-hydroxytryptamine receptor 1F,
Htr1f,Q543V2,5-hydroxytryptamine receptor 1F,
Htr1f,A0A8C5ZT06,5-hydroxytryptamine receptor 1F,
Htr1f,A0A7K9B275,5-hydroxytryptamine receptor 1F,
Htr1f,G5C287,5-hydroxytryptamine receptor 1F,
Htr1f,A0A851W5Z1,5-hydroxytryptamine receptor 1F,
Htr1f,A0A3B3V4G7,N/A,
Htr1f,A0A3Q2VUV4,N/A,
Htr1f,A0A672TE85,N/A,
Htr1f,A0A6J2WE87,N/A,
Htr1f,A0A8P4G617,N/A,
Htr1f,A0A3B4GSE9,N/A,
Htr1f,A0A3B4UKB4,N/A,
Htr1f,A0A3B4YL91,N/A,
Htr1f,A0A3Q3GT87,N/A,
Htr2a,P28223,5-hydroxytryptamine receptor 2A,
Htr2a,O46635,5-hydroxytryptamine receptor 2A,
Htr2a,Q75Z89,5-hydroxytryptamine receptor 2A,
Htr2a,P35363,5-hydroxytryptamine receptor 2A,
Htr2a,P14842,5-hydroxytryptamine receptor 2A,
Htr2a,P50128,5-hydroxytryptamine receptor 2A,
Htr2a,P35382,5-hydroxytryptamine receptor 2A,
Htr2a,P18599,5-hydroxytryptamine receptor 2A,
Htr2a,P50129,5-hydroxytryptamine receptor 2A,
Htr2a,Q14416,Metabotropic glutamate receptor 2,
Htr2a,P14416,D(2) dopamine receptor,
Htr2a,P59768,Guanine nucleotide-binding protein G(I)/G(S)/G(O) subunit gamma-2,
Htr2a,P62873,Guanine nucleotide-binding protein G(I)/G(S)/G(T) subunit beta-1,
Htr2a,Q14BI2,Metabotropic glutamate receptor 2,
Htr2a,Q62108,Disks large homolog 4,
Htr2a,Q811D0,Disks large homolog 1,
Htr2a,O08709,Peroxiredoxin-6,
Htr2a,Q63ZW7,InaD-like protein,
Htr2a,Q9WVQ1,"Membrane-associated guanylate kinase, WW and PDZ domain-containing protein 2",
Htr2a,Q5R4Q6,5-hydroxytryptamine receptor 2A,
Htr2a,Q543D4,5-hydroxytryptamine receptor 2A,
Htr2a,A0A452DIJ2,5-hydroxytryptamine receptor 2A,
Htr2a,P31421,Metabotropic glutamate receptor 2,
Htr2a,G5C1F1,5-hydroxytryptamine receptor 2A,
Htr2a,O88910,MAGUK p55 subfamily member 3,
Htr3a,P46098,5-hydroxytryptamine receptor 3A,
Htr3a,P23979,5-hydroxytryptamine receptor 3A,
Htr3a,P35563,5-hydroxytryptamine receptor 3A,
Htr3a,O70212,5-hydroxytryptamine receptor 3A,
Htr3a,Q7Z5B4,Protein RIC-3,
Htr3a,A5X5Y0,5-hydroxytryptamine receptor 3E,
Htr3a,Q8WXA8,5-hydroxytryptamine receptor 3C,
Htr3a,Q70Z44,5-hydroxytryptamine receptor 3D,
Htr3a,O95264,5-hydroxytryptamine receptor 3B,
Htr3a,Q9JJ16,5-hydroxytryptamine receptor 3B,
Htr3a,A0A5F7ZPX9,N/A,
Htr3a,G3RFI3,N/A,
Htr3a,A0A2I3SZC7,N/A,
Htr3a,B3EWH2,Azemiopsin,
Htr3a,Q8BPM6,Protein RIC-3,
Htr3a,Q9JHJ5,5-hydroxytryptamine receptor 3B,
Htr3a,G1MVD2,N/A,
Htr3a,A0A2J8X1K0,N/A,
Htr3a,G9I929,Kunitz-type neurotoxin MitTx-alpha,
Htr3a,A0A8I6AD80,N/A,
Htr3a,F1N4Y2,N/A,
Htr3a,G9I930,Basic phospholipase A2 homolog MitTx-beta,
Htr3a,P0DKR6,Mambalgin-1,
Htr3a,A0A2K5C0A9,N/A,
Htr3a,A0A2K5M6X8,N/A,
Htr3b,O95264,5-hydroxytryptamine receptor 3B,
Htr3b,Q9JJ16,5-hydroxytryptamine receptor 3B,
Htr3b,Q9JHJ5,5-hydroxytryptamine receptor 3B,
Htr3b,P46098,5-hydroxytryptamine receptor 3A,
Htr3b,P35563,5-hydroxytryptamine receptor 3A,
Htr3b,P23979,5-hydroxytryptamine receptor 3A,
Htr3b,O70212,5-hydroxytryptamine receptor 3A,
Htr3b,B3EWH2,Azemiopsin,
Htr3b,G3N1Q1,N/A,
Htr3b,A0A2K5P4Y5,N/A,
Htr3b,A0A2R8ZWJ3,N/A,
Htr3b,F6UN36,N/A,
Htr3b,G1R6V2,N/A,
Htr3b,H0WPM6,N/A,
Htr3b,H2Q4T0,N/A,
Htr3b,A0A2K6PCP1,N/A,
Htr3b,F7ESG7,N/A,
Htr3b,H0VHT1,N/A,
Htr3b,A0A0D9S332,N/A,
Htr3b,A0A2K5D596,N/A,
Htr3b,A0A2K6A2U2,N/A,
Htr3b,A0A2K6TH13,N/A,
Htr3b,A0A8B7FS05,N/A,
Htr3b,H3BGZ5,N/A,
Htr3b,G1PBQ9,N/A,
Htr7,P0DMI5,Transducer protein Htr7,
Htr7,B0R6A6,Transducer protein Htr7,
Htr7,P34969,5-hydroxytryptamine receptor 7,
Htr7,G5EHQ6,Host transcription reprogramming factor 2,
Htr7,Q2KEJ2,Host transcription reprogramming factor 1,
Htr7,P32304,5-hydroxytryptamine receptor 7,
Htr7,P32305,5-hydroxytryptamine receptor 7,
Htr7,G4N3F6,Host transcription reprogramming factor 7,
Htr7,Q91559,5-hydroxytryptamine receptor 7,
Htr7,P50407,5-hydroxytryptamine receptor 7,
Htr7,Q8NDA8,Maestro heat-like repeat-containing protein family member 1,
Htr7,G4MM89,Host transcription reprogramming factor 4,
Htr7,G4NKW5,Host transcription reprogramming factor 9,
Htr7,G4MVZ1,Host transcription reprogramming factor 8,
Htr7,G4NBL6,Host transcription reprogramming factor 10,
Htr7,G4MRT1,Host transcription reprogramming factor 3,
Htr7,G4MS67,Host transcription reprogramming factor 6,
Htr7,G4NDH1,Host transcription reprogramming factor 5,
Htr7,P43243,Matrin-3,
Htr7,Q4U3W8,5-hydroxytryptamine receptor 7,
Htr7,A0A8B9H5B2,5-hydroxytryptamine receptor 7,
Htr7,Q8QGR0,Muscarinic toxin 7,
Htr7,A0A1L8HKF3,5-hydroxytryptamine receptor 7,
Htr7,P85092,Toxin AdTx1,
Htr7,A0A0G2L2K4,5-hydroxytryptamine receptor 7,
IL17A,Q16552,Interleukin-17A,
IL17A,Q61453,Interleukin-17A,
IL17A,Q62386,Interleukin-17A,
IL17A,M3YC73,N/A,
IL17A,A0A4W2ID47,N/A,
IL17A,G3SNR8,N/A,
IL17A,Q96F46,Interleukin-17 receptor A,
IL17A,Q8NAC3,Interleukin-17 receptor C,
IL17A,B6E279,N/A,
IL17A,W5PWW6,N/A,
IL17A,Q06141,Regenerating islet-derived protein 3-alpha,
IL17A,G3V7M4,N/A,
IL17A,H2PJC4,N/A,
IL17A,A0A2K6DII0,N/A,
IL17A,A0A2R9A141,N/A,
IL17A,A0A8C8WJU2,N/A,
IL17A,A0A8I5R2H5,N/A,
IL17A,F6T3G5,N/A,
IL17A,I3MBU9,N/A,
IL17A,A0A286XFR9,N/A,
IL17A,A0A2I2ULE7,N/A,
IL17A,A0A2K5EWA4,N/A,
IL17A,A0A2K5MP92,N/A,
IL17A,A0A2K6N1H1,N/A,
IL17A,A0A2K6QY48,N/A,
KCNH2,Q9TSZ3,Voltage-gated inwardly rectifying potassium channel KCNH2,
KCNH2,Q12809,Voltage-gated inwardly rectifying potassium channel KCNH2,
KCNH2,O08962,Voltage-gated inwardly rectifying potassium channel KCNH2,
KCNH2,O35219,Voltage-gated inwardly rectifying potassium channel KCNH2,
KCNH2,Q8WNY2,Voltage-gated inwardly rectifying potassium channel KCNH2,
KCNH2,O08703,Voltage-gated inwardly rectifying potassium channel KCNH2,
KCNH2,Q9TUI4,Voltage-gated inwardly rectifying potassium channel KCNH2,
KCNH2,Q9PT84,Voltage-gated inwardly rectifying potassium channel KCNH6,
KCNH2,P27824,Calnexin,
KCNH2,P15382,Potassium voltage-gated channel subfamily E member 1,
KCNH2,Q14721,Potassium voltage-gated channel subfamily B member 1,
KCNH2,Q9NV92,NEDD4 family-interacting protein 2,
KCNH2,Q6ZRF8,RING finger protein 207,
KCNH2,Q9BT67,NEDD4 family-interacting protein 1,
KCNH2,Q9Y6J6,Potassium voltage-gated channel subfamily E member 2,
KCNH2,O88788,"Dol-P-Glc:Glc(2)Man(9)GlcNAc(2)-PP-Dol alpha-1,2-glucosyltransferase",
KCNH2,P61542,Pi-actitoxin-Ael2b,
KCNH2,Q5I7T1,"Dol-P-Glc:Glc(2)Man(9)GlcNAc(2)-PP-Dol alpha-1,2-glucosyltransferase",
KCNH2,P19957,Elafin,
KCNH2,Q91ZP6,NEDD4 family-interacting protein 2,
KCNH2,Q9BZ67,FERM domain-containing protein 8,
KCNH2,Q86QT3,Potassium channel toxin gamma-KTx 1.1,
KCNH2,Q9H252,Voltage-gated inwardly rectifying potassium channel KCNH6,
KCNH2,Q8TBM8,DnaJ homolog subfamily B member 14,
KCNH2,Q9NXW2,DnaJ homolog subfamily B member 12,
MAOA,P21397,Amine oxidase [flavin-containing] A,
MAOA,Q64133,Amine oxidase [flavin-containing] A,
MAOA,Q5NU32,Amine oxidase [flavin-containing] A,
MAOA,P21398,Amine oxidase [flavin-containing] A,
MAOA,P21396,Amine oxidase [flavin-containing] A,
MAOA,P49250,Primary amine oxidase,
MAOA,P80695,Primary amine oxidase,
MAOA,Q5RE60,Amine oxidase [flavin-containing] A,
MAOA,P58027,Amine oxidase [flavin-containing] A,
MAOA,Q6Q2J0,Amine oxidase [flavin-containing] A,
MAOA,P46883,Primary amine oxidase,
MAOA,Q49A63,Amine oxidase,
MAOA,Q3UJ53,Amine oxidase,
MAOA,Q3TPD9,Amine oxidase,
MAOA,Q53YE7,Amine oxidase,
MAOA,A0A0P6JY02,Amine oxidase,
MAOA,O18851,Amine oxidase [flavin-containing] A,
MAOA,A0A8I5KUC3,Amine oxidase,
MAOA,A0A8I5KP93,Amine oxidase,
MAOA,A0A8I6AT92,Amine oxidase,
MAOA,A5D9C1,Amine oxidase,
MAOA,A0AAA9RYG5,Amine oxidase,
MAOA,A0A1W5KJW8,Amine oxidase [flavin-containing] A,
MAOA,A0A1U7TGS3,Amine oxidase,
MAOA,A0A2I3HIJ8,Amine oxidase,
NR3C1,P04150,Glucocorticoid receptor,
NR3C1,P06537,Glucocorticoid receptor,
NR3C1,P59667,Glucocorticoid receptor,
NR3C1,P06536,Glucocorticoid receptor,
NR3C1,P79686,Glucocorticoid receptor,
NR3C1,O46567,Glucocorticoid receptor,
NR3C1,P35547,Glucocorticoid receptor,
NR3C1,P49843,Glucocorticoid receptor,
NR3C1,Q6XLJ0,Glucocorticoid receptor,
NR3C1,P49844,Glucocorticoid receptor,
NR3C1,P79269,Glucocorticoid receptor,
NR3C1,Q95267,Glucocorticoid receptor,
NR3C1,O13186,Glucocorticoid receptor,
NR3C1,O73673,Glucocorticoid receptor,
NR3C1,P49115,Glucocorticoid receptor,
NR3C1,Q5R9P5,Glucocorticoid receptor,
NR3C1,Q9N1U3,Glucocorticoid receptor,
NR3C1,F1D8N4,Glucocorticoid receptor,
NR3C1,P48552,Nuclear receptor-interacting protein 1,
NR3C1,P51532,Transcription activator BRG1,
NR3C1,Q15596,Nuclear receptor coactivator 2,
NR3C1,P07901,Heat shock protein HSP 90-alpha,
NR3C1,Q60676,Serine/threonine-protein phosphatase 5,
NR3C1,O43294,Transforming growth factor beta-1-induced transcript 1 protein,
NR3C1,P68036,Ubiquitin-conjugating enzyme E2 L3,
SLC6A2,P23975,Sodium-dependent noradrenaline transporter,
SLC6A2,O55192,Sodium-dependent noradrenaline transporter,
SLC6A2,F1LNR9,Transporter,
SLC6A2,F1LQW0,Transporter,
SLC6A2,Q9WTR4,Transporter,
SLC6A2,A0A0G2KAA8,Transporter,
SLC6A2,P51143,Sodium-dependent noradrenaline transporter,
SLC6A2,Q63380,Transporter,
SLC6A2,A6KD52,Transporter,
SLC6A2,A6KD51,Transporter,
SLC6A2,Q9NRD5,PRKCA-binding protein,
SLC6A2,B6F0U1,Transporter,
SLC6A2,A0A3Q1M4L9,Transporter,
SLC6A2,F1R3H6,Transporter,
SLC6A2,A0A1S3G3X8,Transporter,
SLC6A2,A0A2K6LS02,Transporter,
SLC6A2,A0A452FUM4,Transporter,
SLC6A2,A0A671FNG6,Transporter,
SLC6A2,A0A6J0V8R8,Transporter,
SLC6A2,A0A8C0HJE4,Transporter,
SLC6A2,A0A8C2V526,Transporter,
SLC6A2,F1RF13,Transporter,
SLC6A2,F6UT22,Transporter,
SLC6A2,F7FCM0,Transporter,
SLC6A2,H0UY61,Transporter,
SLC6A3,Q01959,Sodium-dependent dopamine transporter,
SLC6A3,Q61327,Sodium-dependent dopamine transporter,
SLC6A3,F1MAX1,Transporter,
SLC6A3,A0A2Y9EPK8,Transporter,
SLC6A3,A0A3Q7UNY7,Transporter,
SLC6A3,A0A452RFJ1,Transporter,
SLC6A3,A0A4X2M2X3,Transporter,
SLC6A3,F6SRM7,Transporter,
SLC6A3,F7FWA1,Transporter,
SLC6A3,G3SRL3,Transporter,
SLC6A3,A0A2K5KJJ7,Transporter,
SLC6A3,F7BDK0,Transporter,
SLC6A3,G3S071,Transporter,
SLC6A3,G3WUU1,Transporter,
SLC6A3,H0WGF7,Transporter,
SLC6A3,A0A096MN61,Transporter,
SLC6A3,A0A4W2H1X5,Transporter,
SLC6A3,A0A5F4WMP0,Transporter,
SLC6A3,G1PSX9,Transporter,
SLC6A3,H0WCX4,Transporter,
SLC6A3,I3N4B5,Transporter,
SLC6A3,M3VYS5,Transporter,
SLC6A3,A0A2K6KV76,Transporter,
SLC6A3,A0A2R8ZUK6,Transporter,
SLC6A3,A0A5F7ZKX1,Transporter,
SLC6A4,P31645,Sodium-dependent serotonin transporter,
SLC6A4,G3R8E1,Transporter,
SLC6A4,M3W4Y0,Transporter,
SLC6A4,F1RN70,Transporter,
SLC6A4,F6QG30,Transporter,
SLC6A4,F6VD16,Transporter,
SLC6A4,F7BTB1,Transporter,
SLC6A4,A0A2J8LIN5,Transporter,
SLC6A4,P31652,Sodium-dependent serotonin transporter,
SLC6A4,Q9XT49,Sodium-dependent serotonin transporter,
SLC6A4,Q60857,Sodium-dependent serotonin transporter,
SLC6A4,O35899,Sodium-dependent serotonin transporter,
SLC6A4,Q9MYX0,Sodium-dependent serotonin transporter,
SLC6A4,A0A0N8EUJ0,Transporter,
SLC6A4,O15127,Secretory carrier-associated membrane protein 2,
SLC6A4,O43294,Transforming growth factor beta-1-induced transcript 1 protein,
SLC6A4,P05106,Integrin beta-3,
SLC6A4,Q63ZW7,InaD-like protein,
SLC6A4,Q8R2H2,Integrin beta-3,
SLC6A4,P32851,Syntaxin-1A,
SLC6A4,Q01405,Protein transport protein Sec23A,
SLC6A4,Q9Z0J4,Nitric oxide synthase 1,
SLC6A4,O54890,Integrin beta-3,
SLC6A4,A0A2K5F4W9,Transporter,
SLC6A4,A0A2K5M1V4,Transporter,
Slc6a3,Q01959,Sodium-dependent dopamine transporter,
Slc6a3,Q61327,Sodium-dependent dopamine transporter,
Slc6a3,F1MAX1,Transporter,
Slc6a3,A0A2Y9EPK8,Transporter,
Slc6a3,A0A3Q7UNY7,Transporter,
Slc6a3,A0A452RFJ1,Transporter,
Slc6a3,A0A4X2M2X3,Transporter,
Slc6a3,F6SRM7,Transporter,
Slc6a3,F7FWA1,Transporter,
Slc6a3,G3SRL3,Transporter,
Slc6a3,A0A2K5KJJ7,Transporter,
Slc6a3,F7BDK0,Transporter,
Slc6a3,G3S071,Transporter,
Slc6a3,G3WUU1,Transporter,
Slc6a3,H0WGF7,Transporter,
Slc6a3,A0A096MN61,Transporter,
Slc6a3,A0A4W2H1X5,Transporter,
Slc6a3,A0A5F4WMP0,Transporter,
Slc6a3,G1PSX9,Transporter,
Slc6a3,H0WCX4,Transporter,
Slc6a3,I3N4B5,Transporter,
Slc6a3,M3VYS5,Transporter,
Slc6a3,A0A2K6KV76,Transporter,
Slc6a3,A0A2R8ZUK6,Transporter,
Slc6a3,A0A5F7ZKX1,Transporter,
Slc6a4,P31645,Sodium-dependent serotonin transporter,
Slc6a4,G3R8E1,Transporter,
Slc6a4,M3W4Y0,Transporter,
Slc6a4,F1RN70,Transporter,
Slc6a4,F6QG30,Transporter,
Slc6a4,F6VD16,Transporter,
Slc6a4,F7BTB1,Transporter,
Slc6a4,A0A2J8LIN5,Transporter,
Slc6a4,P31652,Sodium-dependent serotonin transporter,
Slc6a4,Q9XT49,Sodium-dependent serotonin transporter,
Slc6a4,Q60857,Sodium-dependent serotonin transporter,
Slc6a4,O35899,Sodium-dependent serotonin transporter,
Slc6a4,Q9MYX0,Sodium-dependent serotonin transporter,
Slc6a4,A0A0N8EUJ0,Transporter,
Slc6a4,O15127,Secretory carrier-associated membrane protein 2,
Slc6a4,O43294,Transforming growth factor beta-1-induced transcript 1 protein,
Slc6a4,P05106,Integrin beta-3,
Slc6a4,Q63ZW7,InaD-like protein,
Slc6a4,Q8R2H2,Integrin beta-3,
Slc6a4,P32851,Syntaxin-1A,
Slc6a4,Q01405,Protein transport protein Sec23A,
Slc6a4,Q9Z0J4,Nitric oxide synthase 1,
Slc6a4,O54890,Integrin beta-3,
Slc6a4,A0A2K5F4W9,Transporter,
Slc6a4,A0A2K5M1V4,Transporter,
citalopram,P31645,Sodium-dependent serotonin transporter,
citalopram,P35367,Histamine H1 receptor,
citalopram,P58197,Transcription factor AP-2-alpha,
citalopram,P33261,Cytochrome P450 2C19,
citalopram,P21397,Amine oxidase [flavin-containing] A,
citalopram,Q06278,Aldehyde oxidase,
citalopram,P27338,Amine oxidase [flavin-containing] B,
citalopram,P08183,ATP-dependent translocase ABCB1,
citalopram,P05177,Cytochrome P450 1A2,
citalopram,P10635,Cytochrome P450 2D6,
citalopram,P08684,Cytochrome P450 3A4,
citalopram,C0ITM0,5-hydroxytryptamine receptor 1D,
clomipramine,P23975,Sodium-dependent noradrenaline transporter,
clomipramine,P28335,5-hydroxytryptamine receptor 2C,
clomipramine,P41595,5-hydroxytryptamine receptor 2B,
clomipramine,P09211,Glutathione S-transferase P,
clomipramine,P28223,5-hydroxytryptamine receptor 2A,
clomipramine,P31645,Sodium-dependent serotonin transporter,
clomipramine,P08183,ATP-dependent translocase ABCB1,
clomipramine,P33261,Cytochrome P450 2C19,
clomipramine,P02768,Albumin,
clomipramine,P05177,Cytochrome P450 1A2,
clomipramine,P10635,Cytochrome P450 2D6,
clomipramine,P08684,Cytochrome P450 3A4,
clorgyline,Q6NSN2,Amine oxidase [flavin-containing],
clorgyline,A0A2H1A768,Pleiotropic ABC efflux transporter of multiple drugs CDR1,
clorgyline,Q6FK23,Pleiotropic ABC efflux transporter of multiple drugs CDR1,
clorgyline,Q6FXU7,Transcription factor PDR1,
cocaine,Q9L9D7,Cocaine esterase,
cocaine,Q16568,Cocaine- and amphetamine-regulated transcript protein,
cocaine,P14943,Cocaine esterase,
cocaine,O00748,Cocaine esterase,
cocaine,P49192,Cocaine- and amphetamine-regulated transcript protein,
cocaine,P56388,Cocaine- and amphetamine-regulated transcript protein,
cocaine,P51905,Sodium-dependent serotonin transporter,
cocaine,Q68RJ9,Cocaine- and amphetamine-regulated transcript protein,
cocaine,P08413,Calcium/calmodulin-dependent protein kinase type II subunit beta,
cocaine,P11730,Calcium/calmodulin-dependent protein kinase type II subunit gamma,
cocaine,P13346,Protein FosB,
cocaine,P15791,Calcium/calmodulin-dependent protein kinase type II subunit delta,
cocaine,Q00566,Methyl-CpG-binding protein 2,
cocaine,P0DUJ6,Niq CART3,
cocaine,P23141,Liver carboxylesterase 1,
cocaine,P27922,Sodium-dependent dopamine transporter,
cocaine,Q9UD71,Protein phosphatase 1 regulatory subunit 1B,
cocaine,Q01959,Sodium-dependent dopamine transporter,
cocaine,Q6J4I0,Protein phosphatase 1 regulatory subunit 1B,
cocaine,Q61327,Sodium-dependent dopamine transporter,
cocaine,P23977,Sodium-dependent dopamine transporter,
cocaine,P07516,Protein phosphatase 1 regulatory subunit 1B,
cocaine,P24387,Corticotropin-releasing factor-binding protein,
cocaine,Q60829,Protein phosphatase 1 regulatory subunit 1B,
cocaine,Q7K4Y6,Sodium-dependent dopamine transporter,
cyproheptadine,P25021,Histamine H2 receptor,
cyproheptadine,P34969,5-hydroxytryptamine receptor 7,
cyproheptadine,P11229,Muscarinic acetylcholine receptor M1,
cyproheptadine,P35367,Histamine H1 receptor,
cyproheptadine,P20309,Muscarinic acetylcholine receptor M3,
cyproheptadine,P08172,Muscarinic acetylcholine receptor M2,
cyproheptadine,P28335,5-hydroxytryptamine receptor 2C,
cyproheptadine,P22310,UDP-glucuronosyltransferase 1A4,
cyproheptadine,P22270,Tyramine/octopamine receptor,
cyproheptadine,P41595,5-hydroxytryptamine receptor 2B,
cyproheptadine,P28223,5-hydroxytryptamine receptor 2A,
cyproheptadine,P35503,UDP-glucuronosyltransferase 1A3,
cyproheptadine,P02768,Albumin,
cyproheptadine,O15245,Solute carrier family 22 member 1,
cyproheptadine,P36537,UDP-glucuronosyltransferase 2B10,
cyproheptadine,A0A0M3KKW3,Phospholipase A1,
duloxetine,P19652,Alpha-1-acid glycoprotein 2,
duloxetine,P02763,Alpha-1-acid glycoprotein 1,
duloxetine,P23975,Sodium-dependent noradrenaline transporter,
duloxetine,Q01959,Sodium-dependent dopamine transporter,
duloxetine,P31645,Sodium-dependent serotonin transporter,
duloxetine,P08183,ATP-dependent translocase ABCB1,
duloxetine,P20813,Cytochrome P450 2B6,
duloxetine,P33261,Cytochrome P450 2C19,
duloxetine,P02768,Albumin,
duloxetine,P05177,Cytochrome P450 1A2,
duloxetine,P10635,Cytochrome P450 2D6,
duloxetine,P14920,D-amino-acid oxidase,
duloxetine,P11712,Cytochrome P450 2C9,
duloxetine,P08684,Cytochrome P450 3A4,
fluoxetine,Q93796,Nose resistant to fluoxetine protein 5,
fluoxetine,Q09225,Nose resistant to fluoxetine protein 6,
fluoxetine,Q00566,Methyl-CpG-binding protein 2,
fluoxetine,P02763,Alpha-1-acid glycoprotein 1,
fluoxetine,P30926,Neuronal acetylcholine receptor subunit beta-4,
fluoxetine,Q15822,Neuronal acetylcholine receptor subunit alpha-2,
fluoxetine,P61024,Cyclin-dependent kinases regulatory subunit 1,
fluoxetine,P57789,Potassium channel subfamily K member 10,
fluoxetine,P32297,Neuronal acetylcholine receptor subunit alpha-3,
fluoxetine,P28335,5-hydroxytryptamine receptor 2C,
fluoxetine,P31645,Sodium-dependent serotonin transporter,
fluoxetine,P20815,Cytochrome P450 3A5,
fluoxetine,P08183,ATP-dependent translocase ABCB1,
fluoxetine,P20813,Cytochrome P450 2B6,
fluoxetine,P33261,Cytochrome P450 2C19,
fluoxetine,P02768,Albumin,
fluoxetine,P05177,Cytochrome P450 1A2,
fluoxetine,P10635,Cytochrome P450 2D6,
fluoxetine,P11712,Cytochrome P450 2C9,
fluoxetine,P17405,Sphingomyelin phosphodiesterase,
fluoxetine,Q12809,Voltage-gated inwardly rectifying potassium channel KCNH2,
fluoxetine,P08684,Cytochrome P450 3A4,
fluoxetine,P97438,Potassium channel subfamily K member 2,
fluoxetine,A0A7M7HP48,Nose resistant to fluoxetine protein 6,
fluoxetine,A0A835G6E5,Nose resistant to fluoxetine protein 6,
ketanserin,Q05940,Synaptic vesicular amine transporter,
ketanserin,Q27963,Synaptic vesicular amine transporter,
ketanserin,Q8BRU6,Synaptic vesicular amine transporter,
ketanserin,Q01827,Synaptic vesicular amine transporter,
ketanserin,P28223,5-hydroxytryptamine receptor 2A,
ketanserin,P54219,Chromaffin granule amine transporter,
ketanserin,Q01818,Chromaffin granule amine transporter,
ketanserin,P49145,5-hydroxytryptamine receptor 1D,
ketanserin,P49144,5-hydroxytryptamine receptor 1B,
methylphenidate,P23141,Liver carboxylesterase 1,
methylphenidate,P08908,5-hydroxytryptamine receptor 1A,
methylphenidate,Q01959,Sodium-dependent dopamine transporter,
methylphenidate,P23975,Sodium-dependent noradrenaline transporter,
methylphenidate,Q68FF6,ARF GTPase-activating protein GIT1,
methylphenidate,Q6LAP9,N/A,
mianserin,P30939,5-hydroxytryptamine receptor 1F,
mianserin,P25100,Alpha-1D adrenergic receptor,
mianserin,P50406,5-hydroxytryptamine receptor 6,
mianserin,Q9H3N8,Histamine H4 receptor,
mianserin,P34969,5-hydroxytryptamine receptor 7,
mianserin,P35368,Alpha-1B adrenergic receptor,
mianserin,P18825,Alpha-2C adrenergic receptor,
mianserin,P21918,D(1B) dopamine receptor,
mianserin,P35367,Histamine H1 receptor,
mianserin,P18089,Alpha-2B adrenergic receptor,
mianserin,P21728,D(1A) dopamine receptor,
mianserin,P41145,Kappa-type opioid receptor,
mianserin,P23975,Sodium-dependent noradrenaline transporter,
mianserin,P08908,5-hydroxytryptamine receptor 1A,
mianserin,P35462,D(3) dopamine receptor,
mianserin,P28335,5-hydroxytryptamine receptor 2C,
mianserin,Q01959,Sodium-dependent dopamine transporter,
mianserin,P41595,5-hydroxytryptamine receptor 2B,
mianserin,P08913,Alpha-2A adrenergic receptor,
mianserin,P35348,Alpha-1A adrenergic receptor,
mianserin,P14416,D(2) dopamine receptor,
mianserin,P28223,5-hydroxytryptamine receptor 2A,
mianserin,P31645,Sodium-dependent serotonin transporter,
mianserin,P20813,Cytochrome P450 2B6,
mianserin,P05177,Cytochrome P450 1A2,
mirtazapine,P25100,Alpha-1D adrenergic receptor,
mirtazapine,P35368,Alpha-1B adrenergic receptor,
mirtazapine,P35367,Histamine H1 receptor,
mirtazapine,P41145,Kappa-type opioid receptor,
mirtazapine,P28335,5-hydroxytryptamine receptor 2C,
mirtazapine,P08913,Alpha-2A adrenergic receptor,
mirtazapine,P35348,Alpha-1A adrenergic receptor,
mirtazapine,P28223,5-hydroxytryptamine receptor 2A,
mirtazapine,P31645,Sodium-dependent serotonin transporter,
mirtazapine,P05177,Cytochrome P450 1A2,
mirtazapine,P10635,Cytochrome P450 2D6,
mirtazapine,P08684,Cytochrome P450 3A4,
mirtazapine,Q9UE69,N/A,
olanzapine,P30939,5-hydroxytryptamine receptor 1F,
olanzapine,P08173,Muscarinic acetylcholine receptor M4,
olanzapine,P28566,5-hydroxytryptamine receptor 1E,
olanzapine,P13945,Beta-3 adrenergic receptor,
olanzapine,P50406,5-hydroxytryptamine receptor 6,
olanzapine,P28221,5-hydroxytryptamine receptor 1D,
olanzapine,P02763,Alpha-1-acid glycoprotein 1,
olanzapine,P35368,Alpha-1B adrenergic receptor,
olanzapine,Q8N1C3,Gamma-aminobutyric acid receptor subunit gamma-1,
olanzapine,P11229,Muscarinic acetylcholine receptor M1,
olanzapine,P21918,D(1B) dopamine receptor,
olanzapine,P35367,Histamine H1 receptor,
olanzapine,Q99928,Gamma-aminobutyric acid receptor subunit gamma-3,
olanzapine,Q9HB55,Cytochrome P450 3A43,
olanzapine,P20309,Muscarinic acetylcholine receptor M3,
olanzapine,P21728,D(1A) dopamine receptor,
olanzapine,P08172,Muscarinic acetylcholine receptor M2,
olanzapine,P46098,5-hydroxytryptamine receptor 3A,
olanzapine,P28222,5-hydroxytryptamine receptor 1B,
olanzapine,P34903,Gamma-aminobutyric acid receptor subunit alpha-3,
olanzapine,P21917,D(4) dopamine receptor,
olanzapine,P35462,D(3) dopamine receptor,
olanzapine,P08588,Beta-1 adrenergic receptor,
olanzapine,P08908,5-hydroxytryptamine receptor 1A,
olanzapine,P28335,5-hydroxytryptamine receptor 2C,
paroxetine,P31645,Sodium-dependent serotonin transporter,
paroxetine,P08912,Muscarinic acetylcholine receptor M5,
paroxetine,P30939,5-hydroxytryptamine receptor 1F,
paroxetine,P08173,Muscarinic acetylcholine receptor M4,
paroxetine,P25100,Alpha-1D adrenergic receptor,
paroxetine,P28566,5-hydroxytryptamine receptor 1E,
paroxetine,P50406,5-hydroxytryptamine receptor 6,
paroxetine,Q8WXA8,5-hydroxytryptamine receptor 3C,
paroxetine,P13945,Beta-3 adrenergic receptor,
paroxetine,P28221,5-hydroxytryptamine receptor 1D,
paroxetine,P34969,5-hydroxytryptamine receptor 7,
paroxetine,P35368,Alpha-1B adrenergic receptor,
paroxetine,O95264,5-hydroxytryptamine receptor 3B,
paroxetine,Q70Z44,5-hydroxytryptamine receptor 3D,
paroxetine,A5X5Y0,5-hydroxytryptamine receptor 3E,
paroxetine,P11229,Muscarinic acetylcholine receptor M1,
paroxetine,P18825,Alpha-2C adrenergic receptor,
paroxetine,P21918,D(1B) dopamine receptor,
paroxetine,P35367,Histamine H1 receptor,
paroxetine,P18089,Alpha-2B adrenergic receptor,
paroxetine,P20309,Muscarinic acetylcholine receptor M3,
paroxetine,P21728,D(1A) dopamine receptor,
paroxetine,Q13639,5-hydroxytryptamine receptor 4,
paroxetine,P08172,Muscarinic acetylcholine receptor M2,
paroxetine,P46098,5-hydroxytryptamine receptor 3A,
risperidone,P14416,D(2) dopamine receptor,
risperidone,P28221,5-hydroxytryptamine receptor 1D,
risperidone,P02763,Alpha-1-acid glycoprotein 1,
risperidone,P34969,5-hydroxytryptamine receptor 7,
risperidone,P35368,Alpha-1B adrenergic receptor,
risperidone,P18825,Alpha-2C adrenergic receptor,
risperidone,P35367,Histamine H1 receptor,
risperidone,P18089,Alpha-2B adrenergic receptor,
risperidone,P21728,D(1A) dopamine receptor,
risperidone,P08908,5-hydroxytryptamine receptor 1A,
risperidone,P28335,5-hydroxytryptamine receptor 2C,
risperidone,P35348,Alpha-1A adrenergic receptor,
risperidone,P28223,5-hydroxytryptamine receptor 2A,
risperidone,P08183,ATP-dependent translocase ABCB1,
risperidone,P21439,Phosphatidylcholine translocator ABCB4,
risperidone,P02768,Albumin,
risperidone,P10635,Cytochrome P450 2D6,
risperidone,P14920,D-amino-acid oxidase,
risperidone,P08684,Cytochrome P450 3A4,
risperidone,Q80TR1,Adhesion G protein-coupled receptor L1,
serotonine,A0A0A8J316,N/A,
sertraline,P38700,Adaptin medium chain homolog APM2,
sertraline,P43564,Probable lipase MIL1,
sertraline,O00264,Membrane-associated progesterone receptor component 1,
sertraline,P23975,Sodium-dependent noradrenaline transporter,
sertraline,Q01959,Sodium-dependent dopamine transporter,
sertraline,P21397,Amine oxidase [flavin-containing] A,
sertraline,P05181,Cytochrome P450 2E1,
sertraline,Q99720,Sigma non-opioid intracellular receptor 1,
sertraline,P27338,Amine oxidase [flavin-containing] B,
sertraline,Q7RTT9,Equilibrative nucleoside transporter 4,
sertraline,P31645,Sodium-dependent serotonin transporter,
sertraline,P08183,ATP-dependent translocase ABCB1,
sertraline,P20813,Cytochrome P450 2B6,
sertraline,P33261,Cytochrome P450 2C19,
sertraline,P02768,Albumin,
sertraline,P10635,Cytochrome P450 2D6,
sertraline,P14920,D-amino-acid oxidase,
sertraline,P11712,Cytochrome P450 2C9,
sertraline,P17405,Sphingomyelin phosphodiesterase,
sertraline,P08684,Cytochrome P450 3A4,
sertraline,Q14097,Cytochrome P450,
vanoxerine,Q9H252,Voltage-gated inwardly rectifying potassium channel KCNH6,
vanoxerine,Q9NS40,Voltage-gated inwardly rectifying potassium channel KCNH7,
vanoxerine,Q01959,Sodium-dependent dopamine transporter,
vanoxerine,Q12809,Voltage-gated inwardly rectifying potassium channel KCNH2,
vanoxerine,P08684,Cytochrome P450 3A4,
ziprasidone,P08912,Muscarinic acetylcholine receptor M5,
ziprasidone,P47898,5-hydroxytryptamine receptor 5A,
ziprasidone,P50406,5-hydroxytryptamine receptor 6,
ziprasidone,Q8WXA8,5-hydroxytryptamine receptor 3C,
ziprasidone,P08173,Muscarinic acetylcholine receptor M4,
ziprasidone,P28566,5-hydroxytryptamine receptor 1E,
ziprasidone,P28221,5-hydroxytryptamine receptor 1D,
ziprasidone,P02763,Alpha-1-acid glycoprotein 1,
ziprasidone,P34969,5-hydroxytryptamine receptor 7,
ziprasidone,P35368,Alpha-1B adrenergic receptor,
ziprasidone,A5X5Y0,5-hydroxytryptamine receptor 3E,
ziprasidone,P11229,Muscarinic acetylcholine receptor M1,
ziprasidone,P18825,Alpha-2C adrenergic receptor,
ziprasidone,P21918,D(1B) dopamine receptor,
ziprasidone,P35367,Histamine H1 receptor,
ziprasidone,O95264,5-hydroxytryptamine receptor 3B,
ziprasidone,Q70Z44,5-hydroxytryptamine receptor 3D,
ziprasidone,P18089,Alpha-2B adrenergic receptor,
ziprasidone,P20309,Muscarinic acetylcholine receptor M3,
ziprasidone,P21728,D(1A) dopamine receptor,
ziprasidone,P08172,Muscarinic acetylcholine receptor M2,
ziprasidone,P46098,5-hydroxytryptamine receptor 3A,
ziprasidone,P28222,5-hydroxytryptamine receptor 1B,
ziprasidone,P21917,D(4) dopamine receptor,
ziprasidone,P35462,D(3) dopamine receptor,
