gene,disease,assocID,geneNcbiID,geneDSI,geneDPI,score,yearInitial,yearFinal,diseaseType
HTR1A,Mental Depression,10277731,3350,0.478,0.875,1.0,2014,2014,disease
HTR1A,Depressive disorder,10293890,3350,0.478,0.875,0.9500000000000001,2014,2014,disease
HTR1A,Schizophrenia,20659595,3350,0.478,0.875,0.85,2014,2014,disease
HTR1A,Major Depressive Disorder,45135986,3350,0.478,0.875,0.85,2013,2014,disease
HTR1A,Anxiety Disorders,5228910,3350,0.478,0.875,0.8,,,disease
HTR1A,Panic Disorder,20334687,3350,0.478,0.875,0.8,,,disease
HTR1A,Pain,20295223,3350,0.478,0.875,0.8,2003,2003,phenotype
HTR1A,Bipolar Disorder,5429173,3350,0.478,0.875,0.7999999999999999,2004,2014,disease
HTR1A,Unipolar Depression,25093011,3350,0.478,0.875,0.75,2013,2014,disease
HTR1A,Mood Disorders,40038227,3350,0.478,0.875,0.75,2011,2014,disease
HTR1A,"Alcoholic Intoxication, Chronic",5068512,3350,0.478,0.875,0.75,2009,2013,disease
HTR1A,Anhedonia,25552880,3350,0.478,0.875,0.75,2009,2009,disease
HTR1A,Fever,10713165,3350,0.478,0.875,0.7,2012,2012,phenotype
HTR1A,Apnea,5239334,3350,0.478,0.875,0.65,2000,2000,phenotype
HTR1A,"Depression, Postpartum",30075789,3350,0.478,0.875,0.65,2010,2010,disease
HTR1A,"Major depression, single episode (disorder)",15713947,3350,0.478,0.875,0.6000000000000001,2006,2011,disease
HTR1A,"Depression, Bipolar",5435261,3350,0.478,0.875,0.6000000000000001,2009,2011,disease
HTR1A,Severe depression,40127577,3350,0.478,0.875,0.55,2012,2012,disease
HTR1A,Menstrual cycle dependent periodic fever (disorder),50612040,3350,0.478,0.875,0.55,2012,2012,disease
HTR1A,Alcohol abuse,25265793,3350,0.478,0.875,0.55,2003,2003,disease
HTR1A,Tremor,25067182,3350,0.478,0.875,0.5,2000,2000,phenotype
HTR1A,Drug abuse,10562559,3350,0.478,0.875,0.45,,,disease
HTR1A,Memory Disorders,15818771,3350,0.478,0.875,0.4,2003,2003,disease
HTR1A,Other specified transient organic mental disorders,25446839,3350,0.478,0.875,0.4,2010,2010,disease
HTR1A,Learning Disorders,15412770,3350,0.478,0.875,0.4,2003,2003,disease
HTR1A,Stomach Neoplasms,20780649,3350,0.478,0.875,0.4,2011,2011,disease
HTR1A,Bradycardia,35457593,3350,0.478,0.875,0.4,1990,1990,phenotype
HTR1A,Cocaine-Related Disorders,30180078,3350,0.478,0.875,0.4,2002,2002,disease
HTR1A,Learning Disabilities,25052534,3350,0.478,0.875,0.4,2003,2003,disease
DRD4,Attention deficit hyperactivity disorder,45116418,1815,0.488,0.875,1.0,2000,2022,disease
DRD4,Schizophrenia,20652481,1815,0.488,0.875,0.8,2008,2008,disease
DRD4,"Alcoholic Intoxication, Chronic",5067158,1815,0.488,0.875,0.7,2011,2015,disease
DRD4,Bipolar Disorder,5426862,1815,0.488,0.875,0.7,2005,2015,disease
DRD4,Attention Deficit Disorder,25090569,1815,0.488,0.875,0.7,2004,2018,disease
DRD4,Mental Depression,10274406,1815,0.488,0.875,0.7,2013,2014,disease
DRD4,Depressive disorder,10290471,1815,0.488,0.875,0.7,2013,2014,disease
DRD4,Mood Disorders,40037312,1815,0.488,0.875,0.7,2004,2007,disease
DRD4,Unipolar Depression,25091858,1815,0.488,0.875,0.7,1999,2010,disease
DRD4,Major Depressive Disorder,45134104,1815,0.488,0.875,0.7,1999,2010,disease
DRD4,Marijuana Abuse,15765895,1815,0.488,0.875,0.7,2012,2013,disease
DRD4,Alcohol abuse,25265553,1815,0.488,0.875,0.7,2011,2013,disease
DRD4,Heroin Dependence,15027415,1815,0.488,0.875,0.65,,,disease
DRD4,Gilles de la Tourette syndrome,25062852,1815,0.488,0.875,0.65,,,disease
DRD4,"Gambling, Pathological",20378679,1815,0.488,0.875,0.65,,,disease
DRD4,Dyslexia,35519499,1815,0.488,0.875,0.65,,,disease
DRD4,Nicotine Dependence,20150064,1815,0.488,0.875,0.65,,,disease
DRD4,Conduct Disorder,25294063,1815,0.488,0.875,0.65,,,disease
DRD4,Drug abuse,10562429,1815,0.488,0.875,0.65,,,disease
DRD4,Tic disorder,25057672,1815,0.488,0.875,0.6000000000000001,2010,2010,disease
DRD4,Seasonal Affective Disorder,25207694,1815,0.488,0.875,0.6000000000000001,2004,2010,disease
DRD4,Autism Spectrum Disorders,40076876,1815,0.488,0.875,0.6000000000000001,2022,2022,disease
DRD4,Alcoholic Intoxication,5065160,1815,0.488,0.875,0.6000000000000001,2005,2006,disease
DRD4,Cannabis use,50504338,1815,0.488,0.875,0.6000000000000001,2012,2012,disease
DRD4,Separation Anxiety Disorder,5233628,1815,0.488,0.875,0.6000000000000001,2010,2010,disease
DRD4,Antisocial Personality Disorder,5216832,1815,0.488,0.875,0.55,,,disease
DRD4,Cannabis Abuse,5021290,1815,0.488,0.875,0.55,,,disease
DRD4,Opioid abuse,20222828,1815,0.488,0.875,0.55,,,disease
DRD4,Mental Retardation,15832780,1815,0.488,0.875,0.55,,,disease
DRD4,Dysphoric mood,30106075,1815,0.488,0.875,0.5,2004,2004,disease
DRD4,"Other specified early childhood psychoses, current or active state",25447148,1815,0.488,0.875,0.45,2010,2010,disease
DRD4,Attention Deficit and Disruptive Behavior Disorders,30181479,1815,0.488,0.875,0.45,2010,2010,phenotype
DRD4,AUTONOMIC NERVOUS SYSTEM DYSFUNCTION,55022235,1815,0.488,0.875,0.4,1994,1994,phenotype
DRD4,Amphetamine or related acting sympathomimetic abuse,25447211,1815,0.488,0.875,0.4,2004,2004,disease
DRD4,Liver Cirrhosis,15546844,1815,0.488,0.875,0.4,,,disease
NLGN2,Schizophrenia,20667279,57555,0.633,0.667,0.7,2011,2011,disease
NLGN2,Autistic Disorder,5370759,57555,0.633,0.667,0.65,2021,2021,disease
HTR2C,Schizophrenia,20659873,3358,0.506,0.833,0.9500000000000001,2011,2013,disease
HTR2C,Obesity,20175585,3358,0.506,0.833,0.8500000000000001,2007,2009,disease
HTR2C,Weight Gain,25147940,3358,0.506,0.833,0.85,2009,2010,phenotype
HTR2C,Bipolar Disorder,5429242,3358,0.506,0.833,0.8,2009,2013,disease
HTR2C,Metabolic Syndrome X,35629197,3358,0.506,0.833,0.7999999999999999,2007,2009,disease
HTR2C,Depressive disorder,10294044,3358,0.506,0.833,0.75,2010,2014,disease
HTR2C,Mental Depression,10277871,3358,0.506,0.833,0.75,2010,2014,disease
HTR2C,Major Depressive Disorder,45136083,3358,0.506,0.833,0.75,2010,2014,disease
HTR2C,Unipolar Depression,25093108,3358,0.506,0.833,0.75,2010,2014,disease
HTR2C,Mood Disorders,40038283,3358,0.506,0.833,0.65,2009,2015,disease
HTR2C,Neuralgia,20116436,3358,0.506,0.833,0.65,2017,2017,phenotype
HTR2C,"Alcoholic Intoxication, Chronic",5068595,3358,0.506,0.833,0.6000000000000001,2004,2004,disease
HTR2C,Seasonal Affective Disorder,25207739,3358,0.506,0.833,0.6000000000000001,2001,2005,disease
HTR2C,Cocaine abuse,15046834,3358,0.506,0.833,0.55,2002,2002,disease
HTR2C,Hyperkinesia,50715336,3358,0.506,0.833,0.5,2009,2009,disease
HTR2C,"Bipolar I disorder, most recent episode manic (disorder)",15761470,3358,0.506,0.833,0.45,,,disease
HTR2C,"Depression, Bipolar",5435266,3358,0.506,0.833,0.45,,,disease
HTR2C,Mixed bipolar I disorder,30180577,3358,0.506,0.833,0.45,,,disease
HTR2C,Malignant neoplasm of prostate,35283014,3358,0.506,0.833,0.4,2002,2022,disease
AANAT,Mental Depression,10273835,15,0.639,0.708,0.65,2001,2001,disease
AANAT,Depressive disorder,10289871,15,0.639,0.708,0.65,2001,2001,disease
AANAT,"Advanced Sleep-Phase Syndrome, Familial",50093539,15,0.639,0.708,0.5,2003,2003,disease
AANAT,"Depression, Bipolar",5435113,15,0.639,0.708,0.5,2010,2010,disease
AANAT,"DELAYED SLEEP PHASE DISORDER, SUSCEPTIBILITY TO",50542360,15,0.639,0.708,0.4,2003,2003,phenotype
GABRD,Epilepsy,10650736,2563,0.531,0.792,0.8,2004,2022,disease
GABRD,Juvenile Myoclonic Epilepsy,30490842,2563,0.531,0.792,0.65,2013,2013,disease
GABRD,Idiopathic generalized epilepsy,30490256,2563,0.531,0.792,0.6000000000000001,1990,1990,disease
GABRD,"Epilepsy, Generalized",10663903,2563,0.531,0.792,0.6000000000000001,,,disease
GABRD,"EPILEPSY, IDIOPATHIC GENERALIZED, SUSCEPTIBILITY TO, 10",50390492,2563,0.531,0.792,0.6,2004,2022,phenotype
GABRD,Mood Disorders,40037659,2563,0.531,0.792,0.5,2010,2010,disease
GABRD,Electroencephalogram abnormal,25331785,2563,0.531,0.792,0.45,,,phenotype
GABRD,Non-specific syndromic intellectual disability,55472189,2563,0.531,0.792,0.4,2004,2022,disease
GABRD,"Generalized Epilepsy With Febrile Seizures Plus, Type 5",50575563,2563,0.531,0.792,0.4,2004,2004,disease
GABRD,Chromosome 1p36 Deletion Syndrome,55057759,2563,0.531,0.792,0.4,2012,2012,disease
GABRD,Schizophrenia,20654644,2563,0.531,0.792,0.4,2008,2008,disease
GABRD,Liver carcinoma,50254732,2563,0.531,0.792,0.4,2017,2017,disease
GABRD,Epileptic encephalopathy,40048578,2563,0.531,0.792,0.4,,,disease
SIK1,DEVELOPMENTAL AND EPILEPTIC ENCEPHALOPATHY 30,55141743,150094,0.458,0.875,0.7,1976,2023,disease
SIK1,Global developmental delay,40089518,150094,0.458,0.875,0.7,2011,2021,disease
SIK1,Early infantile epileptic encephalopathy with suppression bursts,35355968,150094,0.458,0.875,0.65,2015,2022,disease
SIK1,West Syndrome,20742428,150094,0.458,0.875,0.65,2015,2015,disease
SIK1,Glioblastoma Multiforme,45088905,150094,0.458,0.875,0.6000000000000001,,,disease
SIK1,Juvenile Chronic Polyarthritis,35407268,150094,0.458,0.875,0.4,2009,2009,disease
SIK1,Monoarticular juvenile rheumatoid arthritis,25491116,150094,0.458,0.875,0.4,2009,2009,disease
SIK1,Pauciarticular juvenile rheumatoid arthritis,25490781,150094,0.458,0.875,0.4,2009,2009,disease
SIK1,"Cardiomyopathy, Dilated",10049837,150094,0.458,0.875,0.4,2006,2006,disease
SIK1,Acute polyarticular juvenile rheumatoid arthritis,25490466,150094,0.458,0.875,0.4,2009,2009,disease
SIK1,Metastatic melanoma,30566426,150094,0.458,0.875,0.4,,,disease
SIK1,Language Disorders,15409223,150094,0.458,0.875,0.4,,,disease
GABRR1,Schizophrenia,20654699,2569,0.729,0.5,0.6000000000000001,2010,2010,disease
GABRR1,Bipolar Disorder,5427656,2569,0.729,0.5,0.6000000000000001,2010,2010,disease
GABRR1,"Alcoholic Intoxication, Chronic",5067878,2569,0.729,0.5,0.5,2010,2010,disease
SOD3,"Diabetes Mellitus, Non-Insulin-Dependent",10513368,6649,0.492,0.917,0.9,,,disease
SOD3,Chronic Obstructive Airway Disease,15603698,6649,0.492,0.917,0.8500000000000001,2006,2006,disease
SOD3,Coronary Arteriosclerosis,10189753,6649,0.492,0.917,0.8,,,disease
SOD3,Hypertensive disease,15150899,6649,0.492,0.917,0.8,2006,2006,disease
SOD3,Diabetes Mellitus,10400708,6649,0.492,0.917,0.8,,,disease
SOD3,Myocardial Ischemia,25351540,6649,0.492,0.917,0.7999999999999999,,,disease
SOD3,Myocardial Infarction,20043910,6649,0.492,0.917,0.7,,,disease
SOD3,Diabetic Retinopathy,10543224,6649,0.492,0.917,0.7,,,disease
SOD3,Pneumonia,20420793,6649,0.492,0.917,0.7,,,disease
SOD3,Pulmonary Fibrosis,20567087,6649,0.492,0.917,0.65,2004,2004,disease
SOD3,Congestive heart failure,10927094,6649,0.492,0.917,0.65,2010,2010,disease
SOD3,Heart failure,10912409,6649,0.492,0.917,0.65,2010,2010,disease
SOD3,Polyneuropathy,25394469,6649,0.492,0.917,0.65,,,disease
SOD3,Heart Diseases,10897262,6649,0.492,0.917,0.65,,,disease
SOD3,Necrosis,20065644,6649,0.492,0.917,0.65,2001,2001,phenotype
SOD3,Coronary heart disease,10201066,6649,0.492,0.917,0.55,,,disease
SOD3,Chronic ischemic heart disease,30385781,6649,0.492,0.917,0.45,,,disease
SOD3,Malignant neoplasm of anterior portion of floor of mouth,25406888,6649,0.492,0.917,0.45,,,disease
SOD3,Malignant neoplasm of lateral floor of mouth,35565790,6649,0.492,0.917,0.45,,,disease
SOD3,Malignant neoplasm of floor of mouth,25406863,6649,0.492,0.917,0.45,,,disease
SOD3,"SUPEROXIDE DISMUTASE, ELEVATED EXTRACELLULAR",55010796,6649,0.492,0.917,0.4,1994,2004,phenotype
SOD3,Chemical and Drug Induced Liver Injury,55156394,6649,0.492,0.917,0.4,2001,2001,disease
SOD3,Contact Dermatitis,10318099,6649,0.492,0.917,0.4,2007,2007,disease
SOD3,Diffuse Large B-Cell Lymphoma,25178799,6649,0.492,0.917,0.4,2005,2005,disease
CYP3A5,Philadelphia chromosome positive chronic myelogenous leukemia,30579095,1577,0.466,0.917,0.85,,,disease
CYP3A5,Prostatic Neoplasms,20470197,1577,0.466,0.917,0.7999999999999999,2008,2008,disease
CYP3A5,Neurotoxicity Syndromes,30128935,1577,0.466,0.917,0.75,2011,2011,disease
CYP3A5,Schizophrenia,20651130,1577,0.466,0.917,0.7000000000000001,2008,2010,disease
CYP3A5,Kidney Diseases,15366327,1577,0.466,0.917,0.7000000000000001,2008,2010,disease
CYP3A5,Acute lymphocytic leukemia,15466997,1577,0.466,0.917,0.65,,,disease
CYP3A5,response to tacrolimus hydrate,50603287,1577,0.466,0.917,0.6000000000000001,2011,2015,phenotype
CYP3A5,Essential Hypertension,25236991,1577,0.466,0.917,0.55,,,disease
CYP3A5,Schizophrenia and related disorders,30024950,1577,0.466,0.917,0.5,2010,2010,disease
CYP3A5,Precursor Lymphoid Neoplasm,45270638,1577,0.466,0.917,0.45,,,disease
CYP3A5,"HYPERTENSION, SALT-SENSITIVE ESSENTIAL, SUSCEPTIBILITY TO",50698640,1577,0.466,0.917,0.4,2001,2004,disease
CYP3A5,Thrombus,25285783,1577,0.466,0.917,0.4,2006,2006,phenotype
CYP3A5,Autism Spectrum Disorders,40076548,1577,0.466,0.917,0.4,2022,2022,disease
CYP3A5,Atherothrombosis,50212429,1577,0.466,0.917,0.4,2006,2006,phenotype
CYP3A5,Thrombosis,25035142,1577,0.466,0.917,0.4,2006,2006,phenotype
CYP3A5,Nephrosis,20101091,1577,0.466,0.917,0.4,2008,2008,disease
CYP3A5,Reperfusion Injury,20586545,1577,0.466,0.917,0.4,2012,2012,disease
CYP3A5,B lymphoblastic leukemia lymphoma,35007352,1577,0.466,0.917,0.4,,,disease
OTC,Ornithine carbamoyltransferase deficiency,30467171,5009,0.498,0.792,1.0,1985,2023,disease
OTC,Hyperammonemia (disorder),30067366,5009,0.498,0.792,0.8,1983,2010,disease
OTC,Encephalopathies,25246924,5009,0.498,0.792,0.75,1996,1996,disease
OTC,Global developmental delay,40092688,5009,0.498,0.792,0.55,2011,2021,disease
OTC,Hyperammonemia,55474373,5009,0.498,0.792,0.45,2015,2015,phenotype
OTC,Protein avoidance,55039425,5009,0.498,0.792,0.45,,,phenotype
OTC,Endotoxemia,35334331,5009,0.498,0.792,0.4,2006,2006,disease
OTC,Nerve Degeneration,20105415,5009,0.498,0.792,0.4,2014,2014,phenotype
OTC,Brain Diseases,5509354,5009,0.498,0.792,0.4,1996,1996,disease
OTC,"Delirium, Dementia, Amnestic, Cognitive Disorders",20229003,5009,0.498,0.792,0.4,1996,1996,disease
OTC,Abnormal circulating ornithine concentration,55071570,5009,0.498,0.792,0.4,,,phenotype
SLC6A19,Hartnup Disease,10870426,340024,0.587,0.708,1.0,1956,2022,disease
SLC6A19,Iminoglycinuria,30473528,340024,0.587,0.708,0.65,,,disease
SLC6A19,Glycinuria with or without Oxalate Urolithiasis,40045905,340024,0.587,0.708,0.65,,,disease
SLC6A19,Severe myopia,30504440,340024,0.587,0.708,0.4,,,disease
GABRR2,Bipolar Disorder,5427660,2570,0.775,0.25,0.5,2010,2010,disease
GABRR2,"Alcoholic Intoxication, Chronic",5067882,2570,0.775,0.25,0.5,2010,2010,disease
GABRR2,Autistic Disorder,5367188,2570,0.775,0.25,0.45,,,disease
GABRR2,Neurotoxicity Syndromes,30129510,2570,0.775,0.25,0.4,2010,2010,disease
GABRR2,Liver diseases,15558679,2570,0.775,0.25,0.4,2010,2010,disease
GABRR2,"Hearing loss, progressive sensorineural",55060802,2570,0.775,0.25,0.4,2017,2017,disease
MAPK1,melanoma,15800065,5594,0.342,0.917,0.8500000000000001,,,disease
MAPK1,Stomach Neoplasms,20791531,5594,0.342,0.917,0.8500000000000001,2007,2007,disease
MAPK1,Lung Neoplasms,15634705,5594,0.342,0.917,0.85,2002,2002,disease
MAPK1,Thyroid Neoplasm,25049035,5594,0.342,0.917,0.85,2021,2021,disease
MAPK1,Renal Cell Carcinoma,10021342,5594,0.342,0.917,0.8,,,disease
MAPK1,Parkinson Disease,20363839,5594,0.342,0.917,0.8,,,disease
MAPK1,Intellectual Disability,50668421,5594,0.342,0.917,0.7999999999999999,2011,2021,disease
MAPK1,ovarian neoplasm,35081730,5594,0.342,0.917,0.75,2005,2005,disease
MAPK1,Squamous cell carcinoma,10038057,5594,0.342,0.917,0.75,2011,2011,disease
MAPK1,Hypertrophy,15170566,5594,0.342,0.917,0.75,2002,2002,phenotype
MAPK1,Kidney Neoplasm,15397632,5594,0.342,0.917,0.75,2011,2011,disease
MAPK1,Hyperalgesia,15069525,5594,0.342,0.917,0.65,2003,2016,phenotype
MAPK1,Sepsis,30353937,5594,0.342,0.917,0.65,2004,2004,disease
MAPK1,Pulmonary Hypertension,15158682,5594,0.342,0.917,0.65,,,phenotype
MAPK1,Congenital Heart Defects,10891573,5594,0.342,0.917,0.65,,,disease
MAPK1,Bipolar Disorder,5431534,5594,0.342,0.917,0.65,2013,2013,disease
MAPK1,Cardiomyopathies,35040882,5594,0.342,0.917,0.65,1999,1999,disease
MAPK1,Endometrial adenocarcinoma,45064422,5594,0.342,0.917,0.65,,,disease
MAPK1,Schizophrenia,20666233,5594,0.342,0.917,0.6000000000000001,2004,2004,disease
MAPK1,Head and Neck Neoplasms,10875256,5594,0.342,0.917,0.6000000000000001,2004,2004,disease
MAPK1,Hodgkin Disease,15049797,5594,0.342,0.917,0.6000000000000001,1995,1995,disease
MAPK1,Brain Ischemia,10109390,5594,0.342,0.917,0.6,2008,2008,disease
MAPK1,NOONAN SYNDROME 13,55443075,5594,0.342,0.917,0.6,1993,2020,disease
MAPK1,Adenocarcinoma of colon,35057283,5594,0.342,0.917,0.55,,,disease
MAPK1,Trigeminal Neuralgia,25068883,5594,0.342,0.917,0.55,2016,2016,disease
MAPK1,Anhedonia,25553012,5594,0.342,0.917,0.55,2012,2012,disease
MAPK1,Malignant Squamous Cell Neoplasm,25071208,5594,0.342,0.917,0.5,2011,2011,disease
MAPK1,Juvenile Neuronal Ceroid Lipofuscinosis,25057200,5594,0.342,0.917,0.5,2013,2013,disease
MAPK1,Adenocarcinoma of large intestine (disorder),45218748,5594,0.342,0.917,0.5,,,disease
MAPK1,Distal 22q11.2 microdeletion syndrome,55227705,5594,0.342,0.917,0.5,,,disease
MAPK1,Adenocarcinoma of prostate,5077195,5594,0.342,0.917,0.5,,,disease
MAPK1,Behavioral Symptoms,5409530,5594,0.342,0.917,0.5,,,phenotype
MAPK1,"Endometrial Endometrioid Adenocarcinoma, Variant with Squamous Differentiation",30632066,5594,0.342,0.917,0.45,,,disease
MAPK1,Short stature,35243294,5594,0.342,0.917,0.45,2021,2021,phenotype
MAPK1,Endometrial Endometrioid Adenocarcinoma,45280188,5594,0.342,0.917,0.45,,,disease
MAPK1,Microcephaly (physical finding),55255027,5594,0.342,0.917,0.45,,,phenotype
MAPK1,Cocaine-Related Disorders,30180182,5594,0.342,0.917,0.4,2006,2010,disease
MAPK1,Neuronal Ceroid-Lipofuscinoses,20141076,5594,0.342,0.917,0.4,2013,2013,disease
MAPK1,"CEROID LIPOFUSCINOSIS, NEURONAL, 6A",55459548,5594,0.342,0.917,0.4,2013,2013,disease
MAPK1,Neoplasm Invasiveness,20067726,5594,0.342,0.917,0.4,2012,2012,phenotype
MAPK1,Severe Acute Respiratory Syndrome,45085303,5594,0.342,0.917,0.4,2010,2010,disease
MAPK1,Nerve Degeneration,20105474,5594,0.342,0.917,0.4,2010,2010,phenotype
MAPK1,Adult Neuronal Ceroid Lipofuscinosis,15405025,5594,0.342,0.917,0.4,2013,2013,disease
MAPK1,Acute polyarticular juvenile rheumatoid arthritis,25490651,5594,0.342,0.917,0.4,2009,2009,disease
MAPK1,Streptococcal pneumonia,25477542,5594,0.342,0.917,0.4,2014,2014,disease
MAPK1,"Cholestasis, Extrahepatic",5422702,5594,0.342,0.917,0.4,2017,2017,disease
MAPK1,"Radiation Injuries, Experimental",20573839,5594,0.342,0.917,0.4,2012,2012,disease
MAPK1,Gliosis,10834124,5594,0.342,0.917,0.4,2009,2009,phenotype
MAPK1,Juvenile Chronic Polyarthritis,35407455,5594,0.342,0.917,0.4,2009,2009,disease
MAPK1,Female infertility,15216257,5594,0.342,0.917,0.4,2011,2011,phenotype
MAPK1,Pauciarticular juvenile rheumatoid arthritis,25490980,5594,0.342,0.917,0.4,2009,2009,disease
MAPK1,Late-Infantile Neuronal Ceroid Lipofuscinosis,15349980,5594,0.342,0.917,0.4,2013,2013,disease
MAPK1,Monoarticular juvenile rheumatoid arthritis,25491301,5594,0.342,0.917,0.4,2009,2009,disease
MAPK1,Primary cardiomyopathy,20460821,5594,0.342,0.917,0.4,1999,1999,disease
MAPK1,Sezary Syndrome,20717274,5594,0.342,0.917,0.4,2015,2015,disease
MAPK1,"Myocardial Diseases, Secondary",20688937,5594,0.342,0.917,0.4,1999,1999,disease
MAPK1,Specific learning disability,55089888,5594,0.342,0.917,0.4,,,disease
MAPK1,Large head (disorder),50302512,5594,0.342,0.917,0.4,,,phenotype
MAPK1,Dysmorphic facies,35436226,5594,0.342,0.917,0.4,,,phenotype
MMP2,Mammary Neoplasms,45393906,4313,0.323,0.875,1.0,2008,2008,disease
MMP2,Hypertensive disease,15143867,4313,0.323,0.875,1.0,2009,2009,disease
MMP2,TORG-WINCHESTER SYNDROME,50032179,4313,0.323,0.875,0.95,1984,2016,disease
MMP2,Colorectal Neoplasms,10121841,4313,0.323,0.875,0.9,2008,2011,disease
MMP2,Myocardial Infarction,20040536,4313,0.323,0.875,0.9,2006,2013,disease
MMP2,Liver carcinoma,50268632,4313,0.323,0.875,0.85,2010,2010,disease
MMP2,Inflammation,15252837,4313,0.323,0.875,0.85,2014,2014,phenotype
MMP2,Glioblastoma,10794892,4313,0.323,0.875,0.85,2006,2006,disease
MMP2,Rheumatoid Arthritis,5283570,4313,0.323,0.875,0.85,2006,2006,disease
MMP2,Bladder Neoplasm,5462355,4313,0.323,0.875,0.8,2019,2019,disease
MMP2,Malignant neoplasm of urinary bladder,5445178,4313,0.323,0.875,0.8,2019,2019,disease
MMP2,Pancreatic Neoplasm,20317165,4313,0.323,0.875,0.8,2018,2018,disease
MMP2,"Aortic Aneurysm, Thoracic",25542638,4313,0.323,0.875,0.7999999999999999,2005,2005,disease
MMP2,Myopia,20051375,4313,0.323,0.875,0.7999999999999999,,,disease
MMP2,Marfan Syndrome,15765312,4313,0.323,0.875,0.7999999999999999,2008,2008,disease
MMP2,Colorectal Carcinoma,10055867,4313,0.323,0.875,0.75,,,disease
MMP2,Osteosarcoma,20270251,4313,0.323,0.875,0.75,2015,2015,disease
MMP2,Pulmonary Fibrosis,20565672,4313,0.323,0.875,0.75,2011,2011,disease
MMP2,Liver Cirrhosis,15551183,4313,0.323,0.875,0.7000000000000001,2005,2016,disease
MMP2,Cerebral Infarction,10106389,4313,0.323,0.875,0.7000000000000001,2006,2006,disease
MMP2,Intracranial Aneurysm,10103321,4313,0.323,0.875,0.7,,,disease
MMP2,Diabetic Retinopathy,10541703,4313,0.323,0.875,0.7,,,disease
MMP2,Macular degeneration,15711721,4313,0.323,0.875,0.65,,,disease
MMP2,Retinal Vein Occlusion,20612127,4313,0.323,0.875,0.65,,,disease
MMP2,Pseudoxanthoma Elasticum,20537518,4313,0.323,0.875,0.65,,,disease
MMP2,Giant Cell Arteritis,25014882,4313,0.323,0.875,0.65,,,disease
MMP2,Alcohol abuse,25265937,4313,0.323,0.875,0.65,2007,2007,disease
MMP2,Diabetic Neuropathies,10537363,4313,0.323,0.875,0.65,2010,2010,disease
MMP2,Lupus Nephritis,15673538,4313,0.323,0.875,0.6000000000000001,2012,2012,disease
MMP2,Nasopharyngeal Neoplasms,20060983,4313,0.323,0.875,0.6000000000000001,2007,2007,disease
MMP2,Oral Submucous Fibrosis,20227773,4313,0.323,0.875,0.6000000000000001,2006,2006,disease
MMP2,"Alcoholic Intoxication, Chronic",5069178,4313,0.323,0.875,0.6000000000000001,2007,2007,disease
MMP2,"Liver Cirrhosis, Alcoholic",15555366,4313,0.323,0.875,0.6,2013,2013,disease
MMP2,Bone Diseases,5503086,4313,0.323,0.875,0.6,2007,2007,disease
MMP2,Pterygium,20555235,4313,0.323,0.875,0.55,,,disease
MMP2,Carotid Artery Diseases,10088340,4313,0.323,0.875,0.55,,,disease
MMP2,Lip and Oral Cavity Carcinoma,30052832,4313,0.323,0.875,0.5,2017,2017,disease
MMP2,Calcinosis,5019840,4313,0.323,0.875,0.5,2004,2011,phenotype
MMP2,Avascular necrosis of bone,20066750,4313,0.323,0.875,0.5,2009,2009,disease
MMP2,Bone neoplasms,5506185,4313,0.323,0.875,0.5,2006,2006,disease
MMP2,Testicular Germ Cell Tumor,45277828,4313,0.323,0.875,0.5,2012,2012,disease
MMP2,Primary Glioblastoma,40094818,4313,0.323,0.875,0.5,2006,2006,disease
MMP2,Metabolic Bone Disorder,5504847,4313,0.323,0.875,0.5,2007,2007,disease
MMP2,Weight Gain,25149240,4313,0.323,0.875,0.5,2014,2014,phenotype
MMP2,Malignant neoplasm of other specified sites of pancreas,25419991,4313,0.323,0.875,0.45,2018,2018,disease
MMP2,malignant neoplasm of head of pancreas,25417592,4313,0.323,0.875,0.45,2018,2018,disease
MMP2,Malignant neoplasm of body of pancreas,25418328,4313,0.323,0.875,0.45,2018,2018,disease
MMP2,Malignant neoplasm of tail of pancreas,25419064,4313,0.323,0.875,0.45,2018,2018,disease
MMP2,Other emphysema,20280624,4313,0.323,0.875,0.45,2014,2014,disease
MMP2,Fetal Growth Retardation,10710119,4313,0.323,0.875,0.45,2017,2017,phenotype
MMP2,Arteriosclerosis,5251685,4313,0.323,0.875,0.45,,,disease
MMP2,Neoplasm Invasiveness,20067656,4313,0.323,0.875,0.4,2008,2021,phenotype
MMP2,Craniofacial Abnormalities,35335602,4313,0.323,0.875,0.4,2007,2007,disease
MMP2,Osteonecrosis of humerus,25023103,4313,0.323,0.875,0.4,2009,2009,phenotype
MMP2,Neointima,50436273,4313,0.323,0.875,0.4,2007,2007,disease
MMP2,Adult Glioblastoma,30565515,4313,0.323,0.875,0.4,2006,2006,disease
MMP2,Aortic Rupture,5236508,4313,0.323,0.875,0.4,2008,2008,disease
MMP2,Juvenile osteochondrosis of upper extremity,25497937,4313,0.323,0.875,0.4,2009,2009,disease
MMP2,Avascular necrosis of head of humerus (disorder),25498049,4313,0.323,0.875,0.4,2009,2009,phenotype
MMP2,Osteonecrosis of medial femoral condyle,25498089,4313,0.323,0.875,0.4,2009,2009,disease
MMP2,Osteonecrosis of talus,25498129,4313,0.323,0.875,0.4,2009,2009,phenotype
MMP2,Mandibular Diseases,15761294,4313,0.323,0.875,0.4,2009,2009,disease
MMP2,"Neoplasms, Bone Tissue",30000707,4313,0.323,0.875,0.4,2015,2015,disease
MMP2,Cerebral Hemorrhage,50443542,4313,0.323,0.875,0.4,2000,2000,phenotype
MMP2,Aortic Diseases,5236300,4313,0.323,0.875,0.4,2004,2004,disease
MMP2,Aseptic necrosis of head and/or neck of femur,5298648,4313,0.323,0.875,0.4,2009,2009,disease
MMP2,"Cholestasis, Extrahepatic",5422668,4313,0.323,0.875,0.4,2017,2017,disease
MMP2,Bone necrosis,20248940,4313,0.323,0.875,0.4,2009,2009,phenotype
MMP2,Maxillary Diseases,15768880,4313,0.323,0.875,0.4,2009,2009,disease
MMP2,Chemical and Drug Induced Liver Injury,55156143,4313,0.323,0.875,0.4,2005,2005,disease
MMP2,"Oral submucosal fibrosis, including of tongue",20227435,4313,0.323,0.875,0.4,2006,2006,disease
MMP2,Nose Neoplasms,20155089,4313,0.323,0.875,0.4,2005,2005,disease
MMP2,"Leishmaniasis, Cutaneous",15419699,4313,0.323,0.875,0.4,2011,2011,disease
SLC6A3,Parkinson Disease,20367000,6531,0.433,0.875,0.9500000000000001,1998,2009,disease
SLC6A3,"Parkinsonism-Dystonia, Infantile",50387447,6531,0.433,0.875,0.95,1992,2018,disease
SLC6A3,Schizophrenia,20669343,6531,0.433,0.875,0.9,2006,2006,disease
SLC6A3,"Alcoholic Intoxication, Chronic",5070415,6531,0.433,0.875,0.85,2012,2015,disease
SLC6A3,Depressive disorder,10301002,6531,0.433,0.875,0.85,2009,2014,disease
SLC6A3,Mental Depression,10284681,6531,0.433,0.875,0.85,2009,2014,disease
SLC6A3,Hyperkinesia,50715445,6531,0.433,0.875,0.7999999999999999,2008,2008,disease
SLC6A3,Bipolar Disorder,5432670,6531,0.433,0.875,0.75,2013,2014,disease
SLC6A3,Anxiety Disorders,5232053,6531,0.433,0.875,0.75,2008,2008,disease
SLC6A3,Attention Deficit Disorder,25090774,6531,0.433,0.875,0.75,2003,2011,disease
SLC6A3,Cocaine dependence,40218435,6531,0.433,0.875,0.75,2009,2011,disease
SLC6A3,Obesity,20202633,6531,0.433,0.875,0.75,,,disease
SLC6A3,nervous system disorder,20111130,6531,0.433,0.875,0.75,2003,2003,disease
SLC6A3,Nicotine Dependence,20150535,6531,0.433,0.875,0.7,,,disease
SLC6A3,Alcohol abuse,25266142,6531,0.433,0.875,0.7,2011,2016,disease
SLC6A3,Mood Disorders,40039807,6531,0.433,0.875,0.65,1997,2009,disease
SLC6A3,Cocaine abuse,15046952,6531,0.433,0.875,0.65,1999,2013,disease
SLC6A3,Mild cognitive disorder,45151128,6531,0.433,0.875,0.65,,,disease
SLC6A3,Tic disorder,25057867,6531,0.433,0.875,0.65,2008,2008,disease
SLC6A3,Anhedonia,25553063,6531,0.433,0.875,0.65,2008,2008,disease
SLC6A3,Alcohol Withdrawal Delirium,5065023,6531,0.433,0.875,0.6000000000000001,2016,2016,disease
SLC6A3,Delirium,10255822,6531,0.433,0.875,0.6000000000000001,1999,2010,disease
SLC6A3,Alcohol Withdrawal Seizures,40126012,6531,0.433,0.875,0.6000000000000001,2016,2016,disease
SLC6A3,Paranoia,45323668,6531,0.433,0.875,0.6000000000000001,1995,1995,disease
SLC6A3,Dyslexia,35519879,6531,0.433,0.875,0.6000000000000001,2022,2022,disease
SLC6A3,Malignant neoplasm of breast,5607084,6531,0.433,0.875,0.6000000000000001,,,disease
SLC6A3,Severe major depression with psychotic features,30479290,6531,0.433,0.875,0.5,1995,1995,disease
SLC6A3,"PARKINSONISM-DYSTONIA, INFANTILE, 1",55505061,6531,0.433,0.875,0.45,1993,2012,disease
SLC6A3,Limb dystonia,25049540,6531,0.433,0.875,0.45,,,phenotype
SLC6A3,Irritation - emotion,50358800,6531,0.433,0.875,0.45,,,phenotype
SLC6A3,Cocaine-Related Disorders,30180234,6531,0.433,0.875,0.4,2001,2009,disease
SLC6A3,"NICOTINE DEPENDENCE, PROTECTION AGAINST",55022238,6531,0.433,0.875,0.4,1999,1999,phenotype
SLC6A3,Nerve Degeneration,20105553,6531,0.433,0.875,0.4,2003,2008,phenotype
SLC6A3,Memory Disorders,15818920,6531,0.433,0.875,0.4,2008,2008,disease
SLC6A3,Other specified transient organic mental disorders,25446849,6531,0.433,0.875,0.4,2003,2003,disease
SLC6A3,Amphetamine or related acting sympathomimetic abuse,25447356,6531,0.433,0.875,0.4,2003,2003,disease
SLC6A3,Other specified senile psychotic conditions,25446804,6531,0.433,0.875,0.4,2008,2008,disease
SLC6A3,Specific disorders of sleep of nonorganic origin,25447485,6531,0.433,0.875,0.4,2014,2014,disease
SLC6A3,Deglutition Disorders,10253007,6531,0.433,0.875,0.4,,,disease
SLC6A3,Difficulty walking,35015127,6531,0.433,0.875,0.4,,,phenotype
SLC6A3,"TOBACCO ADDICTION, SUSCEPTIBILITY TO",50111151,6531,0.433,0.875,0.4,,,phenotype
SLC6A3,Delayed speech and language development,35490691,6531,0.433,0.875,0.4,,,phenotype
SLC6A3,Abnormality of equilibrium,55007888,6531,0.433,0.875,0.4,,,phenotype
HTR3A,Irritable Bowel Syndrome,15340519,3359,0.508,0.875,0.75,,,disease
HTR3A,Mental Depression,10277899,3359,0.508,0.875,0.75,2009,2012,disease
HTR3A,Depressive disorder,10294070,3359,0.508,0.875,0.75,2009,2012,disease
HTR3A,Schizophrenia,20659895,3359,0.508,0.875,0.75,2010,2010,disease
HTR3A,"Alcoholic Intoxication, Chronic",5068611,3359,0.508,0.875,0.75,2013,2013,disease
HTR3A,Nicotine Dependence,20150228,3359,0.508,0.875,0.65,,,disease
HTR3A,Mood Disorders,40038291,3359,0.508,0.875,0.65,2006,2010,disease
HTR3A,Autistic Disorder,5368208,3359,0.508,0.875,0.65,2009,2009,disease
HTR3A,Bipolar Disorder,5429251,3359,0.508,0.875,0.6000000000000001,2001,2012,disease
HTR3A,Unipolar Depression,25093115,3359,0.508,0.875,0.6000000000000001,2006,2012,disease
HTR3A,Major Depressive Disorder,45136090,3359,0.508,0.875,0.6000000000000001,2006,2012,disease
HTR3A,Heroin Dependence,15027532,3359,0.508,0.875,0.55,,,disease
HTR3A,heavy alcohol use,20023280,3359,0.508,0.875,0.5,2013,2013,disease
HTR3A,Cocaine dependence,40218192,3359,0.508,0.875,0.45,,,disease
HTR3A,Amphetamine or related acting sympathomimetic abuse,25447283,3359,0.508,0.875,0.4,2009,2009,disease
HRH1,Pruritus,20533441,3269,0.589,0.875,0.65,2009,2009,phenotype
HRH1,Schizophrenia,20659411,3269,0.589,0.875,0.65,1991,1991,disease
HRH1,Pain,20295187,3269,0.589,0.875,0.65,2002,2003,phenotype
HRH1,Atherosclerosis,5342615,3269,0.589,0.875,0.65,2014,2014,disease
HRH1,Colorectal Carcinoma,10045423,3269,0.589,0.875,0.5,,,disease
HRH1,Atopic rhinitis,5072016,3269,0.589,0.875,0.4,2013,2013,disease
HRH1,Rhinitis,20633615,3269,0.589,0.875,0.4,2002,2002,disease
HRH1,Respiratory allergy,50697308,3269,0.589,0.875,0.4,2002,2002,phenotype
HRH1,Extravasation of Diagnostic and Therapeutic Materials,10683344,3269,0.589,0.875,0.4,2020,2020,disease
HRH1,Telangiectasis,25014019,3269,0.589,0.875,0.4,2020,2020,phenotype
HRH1,Hypotension,15191463,3269,0.589,0.875,0.4,1990,1990,phenotype
NR3C1,Asthma,5307119,2908,0.375,0.917,1.0,,,disease
NR3C1,Depressive disorder,10292857,2908,0.375,0.917,1.0,2014,2015,disease
NR3C1,Mental Depression,10276681,2908,0.375,0.917,1.0,2004,2015,disease
NR3C1,Glucocorticoid Receptor Deficiency,55049525,2908,0.375,0.917,0.9500000000000001,1982,2016,disease
NR3C1,Obesity,20172810,2908,0.375,0.917,0.9,,,disease
NR3C1,Hypertensive disease,15137914,2908,0.375,0.917,0.8500000000000001,2008,2010,disease
NR3C1,Major Depressive Disorder,45135476,2908,0.375,0.917,0.85,2014,2015,disease
NR3C1,Prostatic Neoplasms,20481248,2908,0.375,0.917,0.85,2007,2007,disease
NR3C1,Bipolar Disorder,5428637,2908,0.375,0.917,0.8,2004,2014,disease
NR3C1,Mood Disorders,40037996,2908,0.375,0.917,0.8,2011,2018,disease
NR3C1,Chronic Obstructive Airway Disease,15597995,2908,0.375,0.917,0.8,,,disease
NR3C1,Pituitary-dependent Cushing's disease,30085900,2908,0.375,0.917,0.75,2021,2021,disease
NR3C1,Malignant neoplasm of prostate,35280371,2908,0.375,0.917,0.75,2002,2022,disease
NR3C1,Unipolar Depression,25092690,2908,0.375,0.917,0.75,2014,2015,disease
NR3C1,Schizophrenia,20657760,2908,0.375,0.917,0.75,2004,2011,disease
NR3C1,"Alcoholic Intoxication, Chronic",5068303,2908,0.375,0.917,0.75,,,disease
NR3C1,Alcoholic Intoxication,5065292,2908,0.375,0.917,0.75,2011,2012,disease
NR3C1,Coronary heart disease,10196287,2908,0.375,0.917,0.65,,,disease
NR3C1,Coronary Arteriosclerosis,10181207,2908,0.375,0.917,0.65,,,disease
NR3C1,Ocular Hypertension,20217777,2908,0.375,0.917,0.65,2007,2007,disease
NR3C1,Anorexia Nervosa,5214492,2908,0.375,0.917,0.65,,,disease
NR3C1,Lung diseases,15590581,2908,0.375,0.917,0.65,,,disease
NR3C1,Generalized glucocorticoid resistance syndrome (disorder),55415087,2908,0.375,0.917,0.6000000000000001,2010,2013,disease
NR3C1,"Lung Diseases, Obstructive",40216487,2908,0.375,0.917,0.6000000000000001,1998,1998,disease
NR3C1,Renal Cell Carcinoma,10016176,2908,0.375,0.917,0.6000000000000001,,,disease
NR3C1,Recurrent major depressive episodes,25446985,2908,0.375,0.917,0.55,,,disease
NR3C1,Nicotine Dependence,20150178,2908,0.375,0.917,0.55,,,disease
NR3C1,Endometriosis,10633142,2908,0.375,0.917,0.5,2012,2012,disease
NR3C1,Myocardial Ischemia,25348080,2908,0.375,0.917,0.45,,,disease
NR3C1,"Major depression, single episode (disorder)",15713900,2908,0.375,0.917,0.45,,,disease
NR3C1,Chronic ischemic heart disease,30384925,2908,0.375,0.917,0.45,,,disease
NR3C1,Heroin Dependence,15027513,2908,0.375,0.917,0.45,,,disease
NR3C1,"GLUCOCORTICOID RESISTANCE, MILD",55022374,2908,0.375,0.917,0.4,1997,2007,phenotype
NR3C1,Cocaine-Related Disorders,30180064,2908,0.375,0.917,0.4,2003,2009,disease
NR3C1,Glucose Metabolism Disorders,45088200,2908,0.375,0.917,0.4,2018,2018,disease
NR3C1,"Pseudohermaphroditism, Female, With Hypokalemia, Due To Glucocorticoid Resistance",55049820,2908,0.375,0.917,0.4,2002,2002,disease
NR3C1,Other and unspecified reactive psychosis,20278826,2908,0.375,0.917,0.4,2004,2004,disease
NR3C1,"Depression, Bipolar",5435223,2908,0.375,0.917,0.4,2004,2004,disease
NR3C1,"GLUCOCORTICOID RESISTANCE, CELLULAR",55022367,2908,0.375,0.917,0.4,1993,1993,phenotype
NR3C1,"46, XX Disorders of Sex Development",50436317,2908,0.375,0.917,0.4,2002,2002,disease
NR3C1,"Bipolar I disorder, most recent episode manic (disorder)",15761452,2908,0.375,0.917,0.4,2004,2004,disease
NR3C1,Mixed bipolar I disorder,30180559,2908,0.375,0.917,0.4,2004,2004,disease
NR3C1,Atrial Fibrillation,5358942,2908,0.375,0.917,0.4,2018,2018,disease
NR3C1,Potassium Deficiency Disorder,40094297,2908,0.375,0.917,0.4,2002,2002,disease
CASP3,Non-Small Cell Lung Carcinoma,10007276,836,0.367,0.875,0.9,,,disease
CASP3,Reperfusion Injury,20590919,836,0.367,0.875,0.9,2014,2014,disease
CASP3,Neurotoxicity Syndromes,30133299,836,0.367,0.875,0.85,2011,2011,disease
CASP3,Subarachnoid Hemorrhage,25001113,836,0.367,0.875,0.85,2014,2014,disease
CASP3,Myocardial Infarction,20045489,836,0.367,0.875,0.85,2015,2015,disease
CASP3,Alzheimer's Disease,5140722,836,0.367,0.875,0.8,2008,2008,disease
CASP3,Malignant tumor of colon,5070876,836,0.367,0.875,0.8,,,disease
CASP3,Malignant neoplasm of stomach,15756690,836,0.367,0.875,0.75,,,disease
CASP3,Stomach Neoplasms,20802330,836,0.367,0.875,0.75,,,disease
CASP3,Parkinson Disease,20376368,836,0.367,0.875,0.75,,,disease
CASP3,Ulcerative Colitis,15067330,836,0.367,0.875,0.7000000000000001,2013,2013,disease
CASP3,"Diabetes Mellitus, Non-Insulin-Dependent",10519525,836,0.367,0.875,0.7,2004,2004,disease
CASP3,Spinal Cord Injuries,20751030,836,0.367,0.875,0.7,2003,2003,disease
CASP3,Status Epilepticus,20764973,836,0.367,0.875,0.65,2006,2008,disease
CASP3,Sepsis,30356965,836,0.367,0.875,0.65,2005,2020,disease
CASP3,Diabetic Retinopathy,10544409,836,0.367,0.875,0.65,2010,2010,disease
CASP3,nervous system disorder,20112091,836,0.367,0.875,0.65,2002,2002,disease
CASP3,Schizophrenia,20672463,836,0.367,0.875,0.6000000000000001,2010,2010,disease
CASP3,Edema,10600722,836,0.367,0.875,0.55,2010,2010,phenotype
CASP3,Brain Ischemia,10109725,836,0.367,0.875,0.5,2002,2008,disease
CASP3,Diabetic Neuropathies,10537740,836,0.367,0.875,0.45,2003,2003,disease
CASP3,Myocardial Reperfusion Injury,20046889,836,0.367,0.875,0.45,2004,2004,phenotype
CASP3,Cryptorchidism,10220855,836,0.367,0.875,0.45,2015,2015,disease
CASP3,Chronic left-sided ulcerative colitis,35259348,836,0.367,0.875,0.4,2013,2013,disease
CASP3,Copper-Overload Cirrhosis,50163944,836,0.367,0.875,0.4,2012,2012,disease
CASP3,Heart Valve Prolapse,25162099,836,0.367,0.875,0.4,2011,2011,disease
CASP3,Diabetic Angiopathies,10524427,836,0.367,0.875,0.4,2015,2015,disease
CASP3,Calcinosis,5020023,836,0.367,0.875,0.4,2011,2011,phenotype
CASP3,"Hepatitis, Chronic",15005240,836,0.367,0.875,0.4,2012,2012,disease
CASP3,Nerve Degeneration,20105659,836,0.367,0.875,0.4,2004,2004,phenotype
CASP3,Retinal Detachment,20606722,836,0.367,0.875,0.4,2008,2008,disease
CASP3,Cerebral Hemorrhage,50443910,836,0.367,0.875,0.4,2008,2008,phenotype
CASP3,Diabetic peripheral angiopathy,10523968,836,0.367,0.875,0.4,2015,2015,disease
CASP3,Heart valve disease,10934624,836,0.367,0.875,0.4,2011,2011,disease
CASP3,Acute Lung Injury,30333378,836,0.367,0.875,0.4,2020,2020,disease
CASP3,Mycoplasma Infections,20023114,836,0.367,0.875,0.4,2010,2010,disease
CASP3,Malignant tumor of greater curve of stomach,25414583,836,0.367,0.875,0.4,,,disease
CASP3,Malignant tumor of lesser curve of stomach,25414250,836,0.367,0.875,0.4,,,disease
CASP3,Malignant neoplasm of body of stomach,25413917,836,0.367,0.875,0.4,,,disease
SLC6A9,Schizophrenia,20669489,6536,0.596,0.792,0.85,2009,2011,disease
SLC6A9,Psychotic Disorders,20554305,6536,0.596,0.792,0.65,2008,2008,disease
SLC6A9,GLYCINE ENCEPHALOPATHY WITH NORMAL SERUM GLYCINE,55196334,6536,0.596,0.792,0.5,1976,2020,disease
SLC6A9,Nonorganic psychosis,35233586,6536,0.596,0.792,0.5,2008,2008,disease
SLC6A9,Malignant neoplasm of prostate,35311349,6536,0.596,0.792,0.4,2002,2022,disease
SLC6A9,Infantile glycine encephalopathy (disorder),55457900,6536,0.596,0.792,0.4,2016,2016,disease
SLC6A9,Amphetamine or related acting sympathomimetic abuse,25447360,6536,0.596,0.792,0.4,2008,2008,disease
SLC6A9,Atypical glycine encephalopathy,55457882,6536,0.596,0.792,0.4,2016,2016,disease
NGF,"Hereditary Sensory Autonomic Neuropathy, Type 5",15052970,4803,0.365,0.917,1.0,1993,2018,disease
NGF,Overactive Bladder,35047125,4803,0.365,0.917,0.9500000000000001,2006,2006,disease
NGF,Inflammation,15255644,4803,0.365,0.917,0.9,2000,2000,phenotype
NGF,Hyperalgesia,15069310,4803,0.365,0.917,0.9,2010,2010,phenotype
NGF,Mental Depression,10281119,4803,0.365,0.917,0.9,2012,2012,disease
NGF,Interstitial Cystitis,35000333,4803,0.365,0.917,0.9,,,disease
NGF,Cystitis,10241904,4803,0.365,0.917,0.9,2006,2006,disease
NGF,Neurodegenerative Disorders,40020694,4803,0.365,0.917,0.85,2013,2013,disease
NGF,Depressive disorder,10297255,4803,0.365,0.917,0.85,2012,2012,disease
NGF,Parkinson Disease,20360547,4803,0.365,0.917,0.85,2009,2009,disease
NGF,Neurogenic Inflammation,40219647,4803,0.365,0.917,0.85,2011,2011,disease
NGF,Asthma,5314566,4803,0.365,0.917,0.8,,,disease
NGF,Myocardial Infarction,20041069,4803,0.365,0.917,0.7999999999999999,,,disease
NGF,HSAN Type IV,15052572,4803,0.365,0.917,0.75,,,disease
NGF,Corneal Ulcer,10174216,4803,0.365,0.917,0.7000000000000001,2013,2013,disease
NGF,Congenital Pain Insensitivity,5164043,4803,0.365,0.917,0.7,,,disease
NGF,Heroin Dependence,15027583,4803,0.365,0.917,0.7,2007,2007,disease
NGF,Lung Injury,30536658,4803,0.365,0.917,0.7,2010,2010,disease
NGF,Hereditary Sensory and Autonomic Neuropathies,20141708,4803,0.365,0.917,0.65,1994,2021,disease
NGF,nervous system disorder,20109648,4803,0.365,0.917,0.65,2004,2004,disease
NGF,Alcohol withdrawal syndrome,30177778,4803,0.365,0.917,0.65,2013,2013,disease
NGF,Amnesia,5147131,4803,0.365,0.917,0.65,2005,2009,disease
NGF,Status Epilepticus,20764201,4803,0.365,0.917,0.65,1996,1996,disease
NGF,Glomerulonephritis,10835416,4803,0.365,0.917,0.65,2013,2013,disease
NGF,Nerve Degeneration,20105393,4803,0.365,0.917,0.65,2012,2012,phenotype
NGF,Peripheral Neuropathy,20395991,4803,0.365,0.917,0.65,2004,2004,disease
NGF,"Kidney Failure, Chronic",15391611,4803,0.365,0.917,0.65,2013,2013,disease
NGF,Bipolar Disorder,5430604,4803,0.365,0.917,0.6000000000000001,,,disease
NGF,"Sensory Neuropathy, Hereditary",20028955,4803,0.365,0.917,0.6000000000000001,,,disease
NGF,Opiate Addiction,40011368,4803,0.365,0.917,0.55,,,disease
NGF,Tonic-Clonic Epilepsy,10664176,4803,0.365,0.917,0.55,2005,2005,disease
NGF,IGA Glomerulonephritis,10837814,4803,0.365,0.917,0.55,,,disease
NGF,Parkinsonian Disorders,30327372,4803,0.365,0.917,0.5,2009,2009,disease
NGF,Malignant mesothelioma,35172276,4803,0.365,0.917,0.5,2014,2014,disease
NGF,Cocaine-Related Disorders,30180137,4803,0.365,0.917,0.5,2007,2007,disease
NGF,Lewy Body Disease,30012300,4803,0.365,0.917,0.5,2009,2009,disease
NGF,Amnestic Disorder,5147439,4803,0.365,0.917,0.4,2005,2009,disease
NGF,Charcot-Marie-Tooth Disease,15009154,4803,0.365,0.917,0.4,2011,2012,disease
NGF,Non-Neoplastic Peripheral Nervous System Disease,45257617,4803,0.365,0.917,0.4,2004,2004,disease
NGF,Mesothelioma malignant advanced,30563634,4803,0.365,0.917,0.4,2014,2014,disease
NGF,"Infarction, Middle Cerebral Artery",25006008,4803,0.365,0.917,0.4,1999,1999,disease
NGF,Neurobehavioral Manifestations,40036256,4803,0.365,0.917,0.4,2012,2012,phenotype
NGF,Hyperkinesia,50715381,4803,0.365,0.917,0.4,1991,1991,disease
NGF,"Nephritis, Interstitial",20096266,4803,0.365,0.917,0.4,2006,2006,disease
NGF,Degenerative disorder (disorder),45162828,4803,0.365,0.917,0.4,2013,2013,disease
NGF,Asbestos-Related Malignant Mesothelioma,45233949,4803,0.365,0.917,0.4,2014,2014,disease
NGF,Chronic skin ulcer,25489614,4803,0.365,0.917,0.4,2013,2013,disease
NGF,Diffuse malignant mesothelioma,35338745,4803,0.365,0.917,0.4,2014,2014,disease
NGF,Bronchial Hyperreactivity,25205187,4803,0.365,0.917,0.4,2012,2012,disease
NGF,"Hereditary Sensory Autonomic Neuropathy, Type 1",15052377,4803,0.365,0.917,0.4,,,disease
NGF,Mixed bipolar I disorder,30180611,4803,0.365,0.917,0.4,,,disease
NGF,"Hereditary Sensory Autonomic Neuropathy, Type 2",15052441,4803,0.365,0.917,0.4,,,disease
NGF,Hereditary sensory neuropathy of Denny-Brown,25272152,4803,0.365,0.917,0.4,,,disease
NGF,"Depression, Bipolar",5435382,4803,0.365,0.917,0.4,,,disease
NGF,"Bipolar I disorder, most recent episode manic (disorder)",15761510,4803,0.365,0.917,0.4,,,disease
DRD2,Schizophrenia,20652241,1813,0.406,0.917,1.0,2000,2011,disease
DRD2,"Alcoholic Intoxication, Chronic",5067097,1813,0.406,0.917,1.0,2014,2014,disease
DRD2,Obesity,20164320,1813,0.406,0.917,0.9500000000000001,,,disease
DRD2,Mental Depression,10274354,1813,0.406,0.917,0.9500000000000001,2010,2014,disease
DRD2,Parkinson Disease,20350789,1813,0.406,0.917,0.9,1996,1996,disease
DRD2,Bipolar Disorder,5426797,1813,0.406,0.917,0.9,2011,2014,disease
DRD2,Depressive disorder,10290419,1813,0.406,0.917,0.9,2010,2014,disease
DRD2,Anxiety Disorders,5227198,1813,0.406,0.917,0.8500000000000001,2008,2010,disease
DRD2,Cocaine dependence,40218046,1813,0.406,0.917,0.8500000000000001,2010,2013,disease
DRD2,Movement Disorders,15882668,1813,0.406,0.917,0.8500000000000001,1983,1983,disease
DRD2,Dystonia,10584693,1813,0.406,0.917,0.8,1993,2017,phenotype
DRD2,Nicotine Dependence,20150050,1813,0.406,0.917,0.8,2008,2008,disease
DRD2,Parkinsonian Disorders,30326151,1813,0.406,0.917,0.8,1997,2004,disease
DRD2,Major Depressive Disorder,45134072,1813,0.406,0.917,0.8,2012,2014,disease
DRD2,Heroin Dependence,15027399,1813,0.406,0.917,0.8,2002,2002,disease
DRD2,Mood Disorders,40037272,1813,0.406,0.917,0.8,2004,2014,disease
DRD2,Opiate Addiction,40011234,1813,0.406,0.917,0.8,,,disease
DRD2,"Diabetes Mellitus, Non-Insulin-Dependent",10451407,1813,0.406,0.917,0.8,,,disease
DRD2,Hyperprolactinemia,15121571,1813,0.406,0.917,0.75,2004,2009,disease
DRD2,Unipolar Depression,25091822,1813,0.406,0.917,0.75,2012,2014,disease
DRD2,Weight Gain,25146988,1813,0.406,0.917,0.75,2010,2010,phenotype
DRD2,Dyskinetic syndrome,10580528,1813,0.406,0.917,0.75,2006,2006,disease
DRD2,Pain,20293633,1813,0.406,0.917,0.75,2005,2005,phenotype
DRD2,Pituitary Neoplasms,20411014,1813,0.406,0.917,0.75,2003,2003,disease
DRD2,Hypertensive disease,15132017,1813,0.406,0.917,0.75,2001,2001,disease
DRD2,Marijuana Abuse,15765882,1813,0.406,0.917,0.7000000000000001,2012,2012,disease
DRD2,Alcohol abuse,25265538,1813,0.406,0.917,0.7,2008,2014,disease
DRD2,Tachycardia,25009604,1813,0.406,0.917,0.7,1998,2000,phenotype
DRD2,Cocaine abuse,15046783,1813,0.406,0.917,0.65,2011,2014,disease
DRD2,Myoclonic dystonia,50090144,1813,0.406,0.917,0.65,1993,2011,disease
DRD2,Catalepsy,10091050,1813,0.406,0.917,0.65,1988,1998,disease
DRD2,Migraine with Aura,25449590,1813,0.406,0.917,0.65,,,disease
DRD2,Cannabis Dependence,5021416,1813,0.406,0.917,0.65,2012,2012,disease
DRD2,Hypotension,15191130,1813,0.406,0.917,0.65,1991,2003,phenotype
DRD2,Anhedonia,25552784,1813,0.406,0.917,0.65,2010,2010,disease
DRD2,Bradycardia,35457465,1813,0.406,0.917,0.65,1991,1999,phenotype
DRD2,"Disruptive, Impulse Control, and Conduct Disorders",15207131,1813,0.406,0.917,0.6000000000000001,2007,2010,disease
DRD2,Attention Deficit Disorder,25090547,1813,0.406,0.917,0.6000000000000001,2007,2007,disease
DRD2,Delirium,10255021,1813,0.406,0.917,0.6000000000000001,2010,2010,disease
DRD2,Language Disorders,15409248,1813,0.406,0.917,0.6000000000000001,2013,2013,disease
DRD2,Cocaine-Related Disorders,30179984,1813,0.406,0.917,0.55,2000,2010,disease
DRD2,Hyperkinesia,50715186,1813,0.406,0.917,0.55,1990,2014,disease
DRD2,"Kidney Failure, Chronic",15387483,1813,0.406,0.917,0.55,,,disease
DRD2,"Major depression, single episode (disorder)",15713850,1813,0.406,0.917,0.5,2001,2001,disease
DRD2,Recurrent depression,30089522,1813,0.406,0.917,0.5,1992,1992,disease
DRD2,"Dyskinesia, Drug-Induced",10581688,1813,0.406,0.917,0.45,1994,2003,disease
DRD2,Alcohol mental disor NEC,45322828,1813,0.406,0.917,0.45,,,disease
DRD2,Basal Ganglia Diseases,5400904,1813,0.406,0.917,0.4,2000,2009,disease
DRD2,Amphetamine or related acting sympathomimetic abuse,25447207,1813,0.406,0.917,0.4,2008,2009,disease
DRD2,Chiari-Frommel Syndrome,15011950,1813,0.406,0.917,0.4,2004,2009,disease
DRD2,Memory Disorders,15818729,1813,0.406,0.917,0.4,2011,2011,disease
DRD2,"Delirium, Dementia, Amnestic, Cognitive Disorders",20228876,1813,0.406,0.917,0.4,2009,2009,disease
DRD2,Developmental Disabilities,15012693,1813,0.406,0.917,0.4,2011,2011,disease
DRD2,Substance-Related Disorders,30181605,1813,0.406,0.917,0.4,2006,2006,disease
